codigo_dane,municipio,departamento,latitud,longitud,nodo_cale_id,nodo_cale_municipio,nodo_cale_categoria,distancia_km,metodo
5001,MEDELLÍN,ANTIOQUIA,6.246631,-75.581775,NODO_10,MEDELLÃN,CALE.n_1,0.0,euclidiana
5002,ABEJORRAL,ANTIOQUIA,5.789315,-75.428739,SAT_024,LA PINTADA,CALE.C4,28.63,euclidiana
5004,ABRIAQUÍ,ANTIOQUIA,6.632282,-76.064304,NODO_22,SANTA FÃ DE ANTIOQUIA,CALE.n_2,38.6,euclidiana
5021,ALEJANDRÍA,ANTIOQUIA,6.376061,-75.141346,NODO_21,BARBOSA,CALE.n_2,31.03,euclidiana
5030,AMAGÁ,ANTIOQUIA,6.038708,-75.702188,NODO_36,ARMENIA,CALE.n_2,22.41,euclidiana
5031,AMALFI,ANTIOQUIA,6.909655,-75.077501,SAT_009,CAMPAMENTO,CALE.C2,35.79,euclidiana
5034,ANDES,ANTIOQUIA,5.657194,-75.878828,SAT_005,PUEBLORRICO,CALE.C2,21.77,euclidiana
5036,ANGELÓPOLIS,ANTIOQUIA,6.109719,-75.711389,NODO_36,ARMENIA,CALE.n_2,13.67,euclidiana
5038,ANGOSTURA,ANTIOQUIA,6.885175,-75.335116,SAT_009,CAMPAMENTO,CALE.C2,15.8,euclidiana
5040,ANORÍ,ANTIOQUIA,7.074703,-75.148355,SAT_009,CAMPAMENTO,CALE.C2,27.45,euclidiana
5042,SANTA FÉ DE ANTIOQUIA,ANTIOQUIA,6.556484,-75.826648,NODO_22,SANTA FÃ DE ANTIOQUIA,CALE.n_2,0.0,euclidiana
5044,ANZÁ,ANTIOQUIA,6.302641,-75.854442,NODO_36,ARMENIA,CALE.n_2,25.17,euclidiana
5045,APARTADÓ,ANTIOQUIA,7.882968,-76.625279,NODO_48,APARTADÃ,CALE.n_3,0.0,euclidiana
5051,ARBOLETES,ANTIOQUIA,8.849317,-76.426708,SAT_044,PUERTO ESCONDIDO,CALE.C2,35.27,euclidiana
5055,ARGELIA,ANTIOQUIA,5.731474,-75.14107,SAT_078,OLAYA HERRERA,CALE.C2,19.56,euclidiana
5059,ARMENIA,ANTIOQUIA,6.155667,-75.786647,NODO_36,ARMENIA,CALE.n_2,0.0,nodo_propio
5079,BARBOSA,ANTIOQUIA,6.439195,-75.331627,NODO_21,BARBOSA,CALE.n_2,0.0,nodo_propio
5086,BELMIRA,ANTIOQUIA,6.606319,-75.667779,NODO_22,SANTA FÃ DE ANTIOQUIA,CALE.n_2,25.76,euclidiana
5088,BELLO,ANTIOQUIA,6.333587,-75.555245,NODO_10,MEDELLÃN,CALE.n_1,14.15,euclidiana
5091,BETANIA,ANTIOQUIA,5.74615,-75.97679,SAT_005,PUEBLORRICO,CALE.C2,22.35,euclidiana
5093,BETULIA,ANTIOQUIA,6.115208,-75.984452,NODO_36,ARMENIA,CALE.n_2,31.26,euclidiana
5101,CIUDAD BOLÍVAR,ANTIOQUIA,5.850273,-76.021509,SAT_005,PUEBLORRICO,CALE.C2,29.57,euclidiana
5107,BRICEÑO,ANTIOQUIA,7.112803,-75.55036,SAT_086,TOLEDO,CALE.C2,27.11,euclidiana
5113,BURITICÁ,ANTIOQUIA,6.720759,-75.907,NODO_22,SANTA FÃ DE ANTIOQUIA,CALE.n_2,28.43,euclidiana
5120,CÁCERES,ANTIOQUIA,7.578366,-75.35205,SAT_087,CÃCERES,CALE.C4,0.0,euclidiana
5125,CAICEDO,ANTIOQUIA,6.405607,-75.98293,SAT_006,URRAO,CALE.C4,27.11,euclidiana
5129,CALDAS,ANTIOQUIA,6.091077,-75.633673,NODO_26,ENVIGADO,CALE.n_2,14.22,euclidiana
5134,CAMPAMENTO,ANTIOQUIA,6.979771,-75.298091,SAT_009,CAMPAMENTO,CALE.C2,0.0,nodo_propio
5138,CAÑASGORDAS,ANTIOQUIA,6.753859,-76.028228,SAT_088,URAMITA,CALE.C3,31.76,euclidiana
5142,CARACOLÍ,ANTIOQUIA,6.409829,-74.757421,SAT_010,CARACOLÃ,CALE.C4,0.0,euclidiana
5145,CARAMANTA,ANTIOQUIA,5.54853,-75.643868,SAT_038,MARMATO,CALE.C3,13.41,euclidiana
5147,CAREPA,ANTIOQUIA,7.755148,-76.652652,NODO_48,APARTADÃ,CALE.n_3,20.34,euclidiana
5148,EL CARMEN DE VIBORAL,ANTIOQUIA,6.082885,-75.333901,NODO_29,RIONEGRO,CALE.n_2,12.05,euclidiana
5150,CAROLINA,ANTIOQUIA,6.725995,-75.283192,SAT_009,CAMPAMENTO,CALE.C2,39.57,euclidiana
5154,CAUCASIA,ANTIOQUIA,7.977278,-75.197996,SAT_046,MONTELÃBANO,CALE.C3,33.74,euclidiana
5172,CHIGORODÓ,ANTIOQUIA,7.666147,-76.681531,NODO_48,APARTADÃ,CALE.n_3,34.85,euclidiana
5190,CISNEROS,ANTIOQUIA,6.537829,-75.087047,NODO_21,BARBOSA,CALE.n_2,40.83,euclidiana
5197,COCORNÁ,ANTIOQUIA,6.058295,-75.185483,SAT_077,SAN LUIS,CALE.C3,29.8,euclidiana
5206,CONCEPCIÓN,ANTIOQUIA,6.394348,-75.257587,NODO_21,BARBOSA,CALE.n_2,13.41,euclidiana
5209,CONCORDIA,ANTIOQUIA,6.045738,-75.908448,NODO_36,ARMENIA,CALE.n_2,25.46,euclidiana
5212,COPACABANA,ANTIOQUIA,6.348557,-75.509384,NODO_10,MEDELLÃN,CALE.n_1,19.42,euclidiana
5234,DABEIBA,ANTIOQUIA,6.998112,-76.261614,SAT_088,URAMITA,CALE.C3,20.67,euclidiana
5237,DONMATÍAS,ANTIOQUIA,6.485603,-75.39263,NODO_21,BARBOSA,CALE.n_2,11.88,euclidiana
5240,EBÉJICO,ANTIOQUIA,6.325615,-75.766413,NODO_36,ARMENIA,CALE.n_2,26.64,euclidiana
5250,EL BAGRE,ANTIOQUIA,7.5975,-74.799097,SAT_012,SEGOVIA,CALE.C3,82.01,euclidiana
5264,ENTRERRÍOS,ANTIOQUIA,6.566273,-75.517685,NODO_21,BARBOSA,CALE.n_2,34.92,euclidiana
5266,ENVIGADO,ANTIOQUIA,6.166695,-75.582192,NODO_26,ENVIGADO,CALE.n_2,0.0,nodo_propio
5282,FREDONIA,ANTIOQUIA,5.928039,-75.675072,SAT_024,LA PINTADA,CALE.C4,30.51,euclidiana
5284,FRONTINO,ANTIOQUIA,6.776066,-76.130765,SAT_088,URAMITA,CALE.C3,20.15,euclidiana
5306,GIRALDO,ANTIOQUIA,6.680808,-75.952158,NODO_22,SANTA FÃ DE ANTIOQUIA,CALE.n_2,27.41,euclidiana
5308,GIRARDOTA,ANTIOQUIA,6.379472,-75.444238,NODO_21,BARBOSA,CALE.n_2,19.75,euclidiana
5310,GÓMEZ PLATA,ANTIOQUIA,6.683269,-75.220018,NODO_21,BARBOSA,CALE.n_2,41.73,euclidiana
5313,GRANADA,ANTIOQUIA,6.142892,-75.184446,NODO_29,RIONEGRO,CALE.n_2,29.86,euclidiana
5315,GUADALUPE,ANTIOQUIA,6.815069,-75.239862,SAT_009,CAMPAMENTO,CALE.C2,27.17,euclidiana
5318,GUARNE,ANTIOQUIA,6.27787,-75.441612,NODO_10,MEDELLÃN,CALE.n_1,22.23,euclidiana
5321,GUATAPÉ,ANTIOQUIA,6.232461,-75.160041,NODO_29,RIONEGRO,CALE.n_2,36.15,euclidiana
5347,HELICONIA,ANTIOQUIA,6.206757,-75.734322,NODO_36,ARMENIA,CALE.n_2,11.35,euclidiana
5353,HISPANIA,ANTIOQUIA,5.799461,-75.906587,SAT_005,PUEBLORRICO,CALE.C2,10.4,euclidiana
5360,ITAGÜÍ,ANTIOQUIA,6.175079,-75.612056,NODO_26,ENVIGADO,CALE.n_2,4.8,euclidiana
5361,ITUANGO,ANTIOQUIA,7.171629,-75.764673,SAT_086,TOLEDO,CALE.C2,27.49,euclidiana
5364,JARDÍN,ANTIOQUIA,5.597542,-75.818982,SAT_005,PUEBLORRICO,CALE.C2,30.38,euclidiana
5368,JERICÓ,ANTIOQUIA,5.789748,-75.785499,SAT_005,PUEBLORRICO,CALE.C2,8.43,euclidiana
5376,LA CEJA,ANTIOQUIA,6.028062,-75.429433,NODO_29,RIONEGRO,CALE.n_2,20.22,euclidiana
5380,LA ESTRELLA,ANTIOQUIA,6.145238,-75.637708,NODO_26,ENVIGADO,CALE.n_2,9.22,euclidiana
5390,LA PINTADA,ANTIOQUIA,5.743808,-75.60781,SAT_024,LA PINTADA,CALE.C4,0.0,nodo_propio
5400,LA UNIÓN,ANTIOQUIA,5.973845,-75.360874,NODO_29,RIONEGRO,CALE.n_2,27.1,euclidiana
5411,LIBORINA,ANTIOQUIA,6.677316,-75.812838,NODO_22,SANTA FÃ DE ANTIOQUIA,CALE.n_2,18.93,euclidiana
5425,MACEO,ANTIOQUIA,6.552116,-74.78716,SAT_011,YALÃ,CALE.C3,21.03,euclidiana
5440,MARINILLA,ANTIOQUIA,6.173995,-75.339345,NODO_29,RIONEGRO,CALE.n_2,7.21,euclidiana
5467,MONTEBELLO,ANTIOQUIA,5.946313,-75.523455,SAT_024,LA PINTADA,CALE.C4,34.12,euclidiana
5475,MURINDÓ,ANTIOQUIA,6.97771,-76.817485,SAT_081,MURINDÃ,CALE.C3,0.0,euclidiana
5480,MUTATÁ,ANTIOQUIA,7.242875,-76.435875,SAT_007,MUTATÃ,CALE.C5,0.0,euclidiana
5483,NARIÑO,ANTIOQUIA,5.610777,-75.176262,SAT_078,OLAYA HERRERA,CALE.C2,0.0,euclidiana
5490,NECOCLÍ,ANTIOQUIA,8.434526,-76.787271,SAT_124,NECOCLÃ,CALE.C4,0.0,euclidiana
5495,NECHÍ,ANTIOQUIA,8.094129,-74.77647,SAT_050,SAN JACINTO DEL CAUCA,CALE.C3,25.95,euclidiana
5501,OLAYA,ANTIOQUIA,6.626492,-75.811773,NODO_22,SANTA FÃ DE ANTIOQUIA,CALE.n_2,11.14,euclidiana
5541,PEÑOL,ANTIOQUIA,6.219349,-75.242693,NODO_29,RIONEGRO,CALE.n_2,23.67,euclidiana
5543,PEQUE,ANTIOQUIA,7.021029,-75.910357,SAT_086,TOLEDO,CALE.C2,33.74,euclidiana
5576,PUEBLORRICO,ANTIOQUIA,5.79158,-75.839903,SAT_005,PUEBLORRICO,CALE.C2,0.0,nodo_propio
5579,PUERTO BERRÍO,ANTIOQUIA,6.487028,-74.410016,SAT_010,CARACOLÃ,CALE.C4,55.07,euclidiana
5585,PUERTO NARE,ANTIOQUIA,6.186025,-74.583012,SAT_010,CARACOLÃ,CALE.C4,44.07,euclidiana
5591,PUERTO TRIUNFO,ANTIOQUIA,5.871318,-74.64119,SAT_077,SAN LUIS,CALE.C3,60.76,euclidiana
5604,REMEDIOS,ANTIOQUIA,7.029424,-74.698135,SAT_012,SEGOVIA,CALE.C3,7.84,euclidiana
5607,RETIRO,ANTIOQUIA,6.062454,-75.501301,NODO_26,ENVIGADO,CALE.n_2,20.5,euclidiana
5615,RIONEGRO,ANTIOQUIA,6.147148,-75.377316,NODO_29,RIONEGRO,CALE.n_2,0.0,nodo_propio
5628,SABANALARGA,ANTIOQUIA,6.850028,-75.816645,SAT_086,TOLEDO,CALE.C2,31.5,euclidiana
5631,SABANETA,ANTIOQUIA,6.149903,-75.615479,NODO_26,ENVIGADO,CALE.n_2,5.78,euclidiana
5642,SALGAR,ANTIOQUIA,5.964198,-75.976807,SAT_005,PUEBLORRICO,CALE.C2,34.23,euclidiana
5647,SAN ANDRÉS DE CUERQUÍA,ANTIOQUIA,6.916676,-75.674564,SAT_086,TOLEDO,CALE.C2,14.83,euclidiana
5649,SAN CARLOS,ANTIOQUIA,6.187746,-74.988097,SAT_077,SAN LUIS,CALE.C3,22.55,euclidiana
5652,SAN FRANCISCO,ANTIOQUIA,5.963476,-75.101562,SAT_077,SAN LUIS,CALE.C3,20.8,euclidiana
5656,SAN JERÓNIMO,ANTIOQUIA,6.44809,-75.726975,NODO_22,SANTA FÃ DE ANTIOQUIA,CALE.n_2,22.86,euclidiana
5658,SAN JOSÉ DE LA MONTAÑA,ANTIOQUIA,6.85009,-75.683352,SAT_086,TOLEDO,CALE.C2,24.98,euclidiana
5659,SAN JUAN DE URABÁ,ANTIOQUIA,8.758964,-76.52857,SAT_044,PUERTO ESCONDIDO,CALE.C2,56.33,euclidiana
5660,SAN LUIS,ANTIOQUIA,6.043017,-74.993619,SAT_077,SAN LUIS,CALE.C3,0.0,nodo_propio
5664,SAN PEDRO DE LOS MILAGROS,ANTIOQUIA,6.46012,-75.556743,NODO_10,MEDELLÃN,CALE.n_1,33.46,euclidiana
5665,SAN PEDRO DE URABÁ,ANTIOQUIA,8.276884,-76.380567,SAT_045,TIERRALTA,CALE.C4,52.12,euclidiana
5667,SAN RAFAEL,ANTIOQUIA,6.293759,-75.02849,SAT_077,SAN LUIS,CALE.C3,39.41,euclidiana
5670,SAN ROQUE,ANTIOQUIA,6.485939,-75.019109,SAT_011,YALÃ,CALE.C3,40.59,euclidiana
5674,SAN VICENTE FERRER,ANTIOQUIA,6.282164,-75.332616,NODO_29,RIONEGRO,CALE.n_2,22.13,euclidiana
5679,SANTA BÁRBARA,ANTIOQUIA,5.875527,-75.567351,SAT_024,LA PINTADA,CALE.C4,21.44,euclidiana
5686,SANTA ROSA DE OSOS,ANTIOQUIA,6.643366,-75.460723,NODO_21,BARBOSA,CALE.n_2,37.53,euclidiana
5690,SANTO DOMINGO,ANTIOQUIA,6.473032,-75.164903,NODO_21,BARBOSA,CALE.n_2,26.32,euclidiana
5697,EL SANTUARIO,ANTIOQUIA,6.136871,-75.265465,NODO_29,RIONEGRO,CALE.n_2,17.39,euclidiana
5736,SEGOVIA,ANTIOQUIA,7.079648,-74.701596,SAT_012,SEGOVIA,CALE.C3,0.0,nodo_propio
5756,SONSÓN,ANTIOQUIA,5.714851,-75.309596,SAT_078,OLAYA HERRERA,CALE.C2,26.25,euclidiana
5761,SOPETRÁN,ANTIOQUIA,6.500745,-75.747378,NODO_22,SANTA FÃ DE ANTIOQUIA,CALE.n_2,15.02,euclidiana
5789,TÁMESIS,ANTIOQUIA,5.664645,-75.714429,SAT_024,LA PINTADA,CALE.C4,20.61,euclidiana
5790,TARAZÁ,ANTIOQUIA,7.580127,-75.401407,SAT_087,CÃCERES,CALE.C4,7.62,euclidiana
5792,TARSO,ANTIOQUIA,5.864542,-75.822956,SAT_005,PUEBLORRICO,CALE.C2,11.66,euclidiana
5809,TITIRIBÍ,ANTIOQUIA,6.062391,-75.791887,NODO_36,ARMENIA,CALE.n_2,14.54,euclidiana
5819,TOLEDO,ANTIOQUIA,7.010328,-75.692281,SAT_086,TOLEDO,CALE.C2,0.0,nodo_propio
5837,TURBO,ANTIOQUIA,8.089929,-76.728858,NODO_55,TURBO,CALE.n_3,0.0,nodo_propio
5842,URAMITA,ANTIOQUIA,6.898393,-76.173284,SAT_088,URAMITA,CALE.C3,0.0,nodo_propio
5847,URRAO,ANTIOQUIA,6.317343,-76.133951,SAT_006,URRAO,CALE.C4,0.0,nodo_propio
5854,VALDIVIA,ANTIOQUIA,7.1652,-75.439274,SAT_009,CAMPAMENTO,CALE.C2,36.18,euclidiana
5856,VALPARAÍSO,ANTIOQUIA,5.614555,-75.624452,SAT_024,LA PINTADA,CALE.C4,20.29,euclidiana
5858,VEGACHÍ,ANTIOQUIA,6.773525,-74.798714,SAT_011,YALÃ,CALE.C3,16.39,euclidiana
5861,VENECIA,ANTIOQUIA,5.964693,-75.735544,NODO_36,ARMENIA,CALE.n_2,30.76,euclidiana
5873,VIGÍA DEL FUERTE,ANTIOQUIA,6.588164,-76.896004,SAT_081,MURINDÃ,CALE.C3,61.84,euclidiana
5885,YALÍ,ANTIOQUIA,6.676554,-74.840059,SAT_011,YALÃ,CALE.C3,0.0,euclidiana
5887,YARUMAL,ANTIOQUIA,6.963832,-75.418828,SAT_009,CAMPAMENTO,CALE.C2,18.82,euclidiana
5890,YOLOMBÓ,ANTIOQUIA,6.594511,-75.013385,SAT_011,YALÃ,CALE.C3,29.69,euclidiana
5893,YONDÓ,ANTIOQUIA,7.00396,-73.912445,NODO_19,BARRANCABERMEJA,CALE.n_1,13.61,euclidiana
5895,ZARAGOZA,ANTIOQUIA,7.488583,-74.867075,SAT_012,SEGOVIA,CALE.C3,68.6,euclidiana
8001,BARRANQUILLA,ATLÁNTICO,10.977961,-74.815546,NODO_11,BARRANQUILLA,CALE.n_1,0.0,nodo_propio
8078,BARANOA,ATLÁNTICO,10.79445,-74.916077,SAT_015,PIOJÃ,CALE.C4,30.12,euclidiana
8137,CAMPO DE LA CRUZ,ATLÁNTICO,10.378291,-74.880847,SAT_022,SANTA LUCÃA,CALE.C2,14.65,euclidiana
8141,CANDELARIA,ATLÁNTICO,10.461903,-74.879717,SAT_014,SALAMINA,CALE.C3,13.87,euclidiana
8296,GALAPA,ATLÁNTICO,10.919033,-74.870385,NODO_11,BARRANQUILLA,CALE.n_1,12.43,euclidiana
8372,JUAN DE ACOSTA,ATLÁNTICO,10.83254,-75.041032,SAT_015,PIOJÃ,CALE.C4,16.49,euclidiana
8421,LURUACO,ATLÁNTICO,10.610491,-75.14199,SAT_015,PIOJÃ,CALE.C4,22.23,euclidiana
8433,MALAMBO,ATLÁNTICO,10.857086,-74.776923,NODO_11,BARRANQUILLA,CALE.n_1,19.72,euclidiana
8436,MANATÍ,ATLÁNTICO,10.449089,-74.956867,SAT_022,SANTA LUCÃA,CALE.C2,19.43,euclidiana
8520,PALMAR DE VARELA,ATLÁNTICO,10.738591,-74.754765,NODO_11,BARRANQUILLA,CALE.n_1,38.4,euclidiana
8549,PIOJÓ,ATLÁNTICO,10.749216,-75.107592,SAT_015,PIOJÃ,CALE.C4,0.0,euclidiana
8558,POLONUEVO,ATLÁNTICO,10.777363,-74.852981,NODO_11,BARRANQUILLA,CALE.n_1,31.75,euclidiana
8560,PONEDERA,ATLÁNTICO,10.641779,-74.753885,SAT_014,SALAMINA,CALE.C3,24.23,euclidiana
8573,PUERTO COLOMBIA,ATLÁNTICO,11.015322,-74.888627,NODO_11,BARRANQUILLA,CALE.n_1,12.59,euclidiana
8606,REPELÓN,ATLÁNTICO,10.493357,-75.125534,SAT_022,SANTA LUCÃA,CALE.C2,36.62,euclidiana
8634,SABANAGRANDE,ATLÁNTICO,10.792453,-74.759496,NODO_11,BARRANQUILLA,CALE.n_1,30.12,euclidiana
8638,SABANALARGA,ATLÁNTICO,10.632091,-74.921256,SAT_014,SALAMINA,CALE.C3,29.31,euclidiana
8675,SANTA LUCÍA,ATLÁNTICO,10.324303,-74.959204,SAT_022,SANTA LUCÃA,CALE.C2,0.0,euclidiana
8685,SANTO TOMÁS,ATLÁNTICO,10.758735,-74.757859,NODO_11,BARRANQUILLA,CALE.n_1,35.25,euclidiana
8758,SOLEDAD,ATLÁNTICO,10.909921,-74.786054,NODO_11,BARRANQUILLA,CALE.n_1,11.51,euclidiana
8770,SUAN,ATLÁNTICO,10.335432,-74.881687,SAT_022,SANTA LUCÃA,CALE.C2,12.0,euclidiana
8832,TUBARÁ,ATLÁNTICO,10.873586,-74.978704,SAT_015,PIOJÃ,CALE.C4,27.63,euclidiana
8849,USIACURÍ,ATLÁNTICO,10.74298,-74.976985,SAT_015,PIOJÃ,CALE.C4,20.0,euclidiana
11001,"BOGOTÁ, D.C.","BOGOTÁ, D.C.",4.649251,-74.106992,NODO_01,"BOGOTÃ, D.C.",CALE.n_1,0.0,euclidiana
13001,CARTAGENA DE INDIAS,BOLÍVAR,10.385126,-75.496269,NODO_13,CARTAGENA DE INDIAS,CALE.n_1,0.0,nodo_propio
13006,ACHÍ,BOLÍVAR,8.570107,-74.557676,SAT_050,SAN JACINTO DEL CAUCA,CALE.C3,55.61,euclidiana
13030,ALTOS DEL ROSARIO,BOLÍVAR,8.791865,-74.164905,SAT_004,SAN MARTÃN DE LOBA,CALE.C3,29.8,euclidiana
13042,ARENAL,BOLÍVAR,8.458865,-73.941099,SAT_001,ARENAL,CALE.C2,0.0,nodo_propio
13052,ARJONA,BOLÍVAR,10.25666,-75.344332,NODO_13,CARTAGENA DE INDIAS,CALE.n_1,30.68,euclidiana
13062,ARROYOHONDO,BOLÍVAR,10.250075,-75.019215,SAT_022,SANTA LUCÃA,CALE.C2,14.77,euclidiana
13074,BARRANCO DE LOBA,BOLÍVAR,8.947787,-74.104391,SAT_004,SAN MARTÃN DE LOBA,CALE.C3,10.16,euclidiana
13140,CALAMAR,BOLÍVAR,10.250431,-74.916144,SAT_022,SANTA LUCÃA,CALE.C2,13.26,euclidiana
13160,CANTAGALLO,BOLÍVAR,7.378678,-73.914605,NODO_19,BARRANCABERMEJA,CALE.n_1,49.89,euclidiana
13188,CICUCO,BOLÍVAR,9.274281,-74.645981,NODO_54,MAGANGUÃ,CALE.n_3,18.63,euclidiana
13212,CÓRDOBA,BOLÍVAR,9.586942,-74.827399,SAT_047,TENERIFE,CALE.C3,48.72,euclidiana
13222,CLEMENCIA,BOLÍVAR,10.567452,-75.328469,NODO_13,CARTAGENA DE INDIAS,CALE.n_1,38.28,euclidiana
13244,EL CARMEN DE BOLÍVAR,BOLÍVAR,9.718653,-75.121178,SAT_020,SAN JUAN NEPOMUCENO,CALE.C3,37.09,euclidiana
13248,EL GUAMO,BOLÍVAR,10.030958,-74.976084,SAT_020,SAN JUAN NEPOMUCENO,CALE.C3,20.17,euclidiana
13268,EL PEÑÓN,BOLÍVAR,8.988271,-73.949274,SAT_004,SAN MARTÃN DE LOBA,CALE.C3,15.92,euclidiana
13300,HATILLO DE LOBA,BOLÍVAR,8.956014,-74.077912,SAT_004,SAN MARTÃN DE LOBA,CALE.C3,6.62,euclidiana
13430,MAGANGUÉ,BOLÍVAR,9.263799,-74.766742,NODO_54,MAGANGUÃ,CALE.n_3,0.0,euclidiana
13433,MAHATES,BOLÍVAR,10.233285,-75.191643,SAT_022,SANTA LUCÃA,CALE.C2,38.32,euclidiana
13440,MARGARITA,BOLÍVAR,9.15784,-74.285137,SAT_049,GUAMAL,CALE.C2,9.67,euclidiana
13442,MARÍA LA BAJA,BOLÍVAR,9.982402,-75.300516,SAT_020,SAN JUAN NEPOMUCENO,CALE.C3,33.84,euclidiana
13458,MONTECRISTO,BOLÍVAR,8.297234,-74.471176,SAT_050,SAN JACINTO DEL CAUCA,CALE.C3,39.16,euclidiana
13468,SANTA CRUZ DE MOMPOX,BOLÍVAR,9.244241,-74.42818,SAT_049,GUAMAL,CALE.C2,35.06,euclidiana
13473,MORALES,BOLÍVAR,8.276558,-73.868172,SAT_001,ARENAL,CALE.C2,30.52,euclidiana
13490,NOROSÍ,BOLÍVAR,8.526259,-74.038003,SAT_001,ARENAL,CALE.C2,18.24,euclidiana
13549,PINILLOS,BOLÍVAR,8.914947,-74.462279,SAT_049,GUAMAL,CALE.C2,51.19,euclidiana
13580,REGIDOR,BOLÍVAR,8.666258,-73.821638,SAT_001,ARENAL,CALE.C2,37.16,euclidiana
13600,RÍO VIEJO,BOLÍVAR,8.58795,-73.840466,SAT_001,ARENAL,CALE.C2,25.37,euclidiana
13620,SAN CRISTÓBAL,BOLÍVAR,10.392836,-75.065076,SAT_022,SANTA LUCÃA,CALE.C2,19.41,euclidiana
13647,SAN ESTANISLAO,BOLÍVAR,10.398602,-75.153101,SAT_022,SANTA LUCÃA,CALE.C2,31.87,euclidiana
13650,SAN FERNANDO,BOLÍVAR,9.214183,-74.323811,SAT_049,GUAMAL,CALE.C2,18.84,euclidiana
13654,SAN JACINTO,BOLÍVAR,9.830275,-75.12105,SAT_020,SAN JUAN NEPOMUCENO,CALE.C3,20.14,euclidiana
13655,SAN JACINTO DEL CAUCA,BOLÍVAR,8.25158,-74.721156,SAT_050,SAN JACINTO DEL CAUCA,CALE.C3,0.0,euclidiana
13657,SAN JUAN NEPOMUCENO,BOLÍVAR,9.953751,-75.081761,SAT_020,SAN JUAN NEPOMUCENO,CALE.C3,0.0,nodo_propio
13667,SAN MARTÍN DE LOBA,BOLÍVAR,8.937485,-74.039134,SAT_004,SAN MARTÃN DE LOBA,CALE.C3,0.0,euclidiana
13670,SAN PABLO,BOLÍVAR,7.476747,-73.924602,NODO_19,BARRANCABERMEJA,CALE.n_1,65.17,euclidiana
13673,SANTA CATALINA,BOLÍVAR,10.605294,-75.287855,SAT_015,PIOJÃ,CALE.C4,35.53,euclidiana
13683,SANTA ROSA,BOLÍVAR,10.444396,-75.369824,NODO_13,CARTAGENA DE INDIAS,CALE.n_1,21.45,euclidiana
13688,SANTA ROSA DEL SUR,BOLÍVAR,7.963938,-74.052243,SAT_003,SANTA ROSA DEL SUR,CALE.C3,0.0,nodo_propio
13744,SIMITÍ,BOLÍVAR,7.953916,-73.947264,SAT_003,SANTA ROSA DEL SUR,CALE.C3,16.26,euclidiana
13760,SOPLAVIENTO,BOLÍVAR,10.38839,-75.136404,SAT_022,SANTA LUCÃA,CALE.C2,28.91,euclidiana
13780,TALAIGUA NUEVO,BOLÍVAR,9.30403,-74.567479,NODO_54,MAGANGUÃ,CALE.n_3,31.25,euclidiana
13810,TIQUISIO,BOLÍVAR,8.558666,-74.262922,SAT_001,ARENAL,CALE.C2,51.93,euclidiana
13836,TURBACO,BOLÍVAR,10.348316,-75.427249,NODO_13,CARTAGENA DE INDIAS,CALE.n_1,12.02,euclidiana
13838,TURBANÁ,BOLÍVAR,10.274585,-75.44265,NODO_13,CARTAGENA DE INDIAS,CALE.n_1,19.07,euclidiana
13873,VILLANUEVA,BOLÍVAR,10.444089,-75.275613,NODO_13,CARTAGENA DE INDIAS,CALE.n_1,35.01,euclidiana
13894,ZAMBRANO,BOLÍVAR,9.746306,-74.817879,SAT_047,TENERIFE,CALE.C3,24.51,euclidiana
15001,TUNJA,BOYACÁ,5.53988,-73.355539,NODO_31,TUNJA,CALE.n_2,0.0,nodo_propio
15022,ALMEIDA,BOYACÁ,4.970857,-73.378933,SAT_136,GUATEQUE,CALE.C2,15.39,euclidiana
15047,AQUITANIA,BOYACÁ,5.518602,-72.88399,SAT_112,CUÃTIVA,CALE.C3,15.93,euclidiana
15051,ARCABUCO,BOYACÁ,5.755673,-73.437503,NODO_31,TUNJA,CALE.n_2,35.91,euclidiana
15087,BELÉN,BOYACÁ,5.98923,-72.911641,SAT_113,BERBEO,CALE.C3,0.0,euclidiana
15090,BERBEO,BOYACÁ,5.227451,-73.12721,SAT_111,PÃEZ,CALE.C3,23.32,euclidiana
15092,BETÉITIVA,BOYACÁ,5.909978,-72.809014,SAT_107,CORRALES,CALE.C2,13.9,euclidiana
15097,BOAVITA,BOYACÁ,6.330703,-72.584905,SAT_103,BOAVITA,CALE.C3,0.0,euclidiana
15104,BOYACÁ,BOYACÁ,5.454578,-73.361945,NODO_31,TUNJA,CALE.n_2,13.32,euclidiana
15106,BRICEÑO,BOYACÁ,5.690879,-73.92326,SAT_108,BRICEÃO,CALE.C3,0.0,euclidiana
15109,BUENAVISTA,BOYACÁ,5.512594,-73.94217,SAT_120,SUSA,CALE.C3,21.78,euclidiana
15114,BUSBANZÁ,BOYACÁ,5.831393,-72.884158,SAT_107,CORRALES,CALE.C2,6.12,euclidiana
15131,CALDAS,BOYACÁ,5.55458,-73.865553,SAT_120,SUSA,CALE.C3,17.4,euclidiana
15135,CAMPOHERMOSO,BOYACÁ,5.031676,-73.104173,SAT_111,PÃEZ,CALE.C3,12.96,euclidiana
15162,CERINZA,BOYACÁ,5.955939,-72.947918,SAT_113,BERBEO,CALE.C3,7.64,euclidiana
15172,CHINAVITA,BOYACÁ,5.167486,-73.368476,SAT_109,GARAGOA,CALE.C2,13.13,euclidiana
15176,CHIQUINQUIRÁ,BOYACÁ,5.61379,-73.818745,SAT_108,BRICEÃO,CALE.C3,20.15,euclidiana
15180,CHISCAS,BOYACÁ,6.553136,-72.500957,SAT_094,EL ESPINO,CALE.C2,10.93,euclidiana
15183,CHITA,BOYACÁ,6.187083,-72.471892,SAT_099,JERICÃ,CALE.C3,16.65,euclidiana
15185,CHITARAQUE,BOYACÁ,6.027425,-73.4471,SAT_110,SANTANA,CALE.C2,7.04,euclidiana
15187,CHIVATÁ,BOYACÁ,5.558949,-73.282529,NODO_31,TUNJA,CALE.n_2,11.7,euclidiana
15189,CIÉNEGA,BOYACÁ,5.408694,-73.296049,NODO_31,TUNJA,CALE.n_2,22.41,euclidiana
15204,CÓMBITA,BOYACÁ,5.634545,-73.323957,NODO_31,TUNJA,CALE.n_2,15.53,euclidiana
15212,COPER,BOYACÁ,5.475074,-74.045636,SAT_135,MUZO,CALE.C2,12.6,euclidiana
15215,CORRALES,BOYACÁ,5.828064,-72.844795,SAT_107,CORRALES,CALE.C2,0.0,euclidiana
15218,COVARACHÍA,BOYACÁ,6.500177,-72.738978,SAT_101,SAN ANDRÃS,CALE.C3,22.89,euclidiana
15223,CUBARÁ,BOYACÁ,6.997275,-72.107939,SAT_096,CUBARÃ,CALE.C4,0.0,euclidiana
15224,CUCAITA,BOYACÁ,5.544452,-73.454338,NODO_31,TUNJA,CALE.n_2,15.32,euclidiana
15226,CUÍTIVA,BOYACÁ,5.580367,-72.965923,SAT_112,CUÃTIVA,CALE.C3,0.0,euclidiana
15232,CHÍQUIZA,BOYACÁ,5.639834,-73.449463,NODO_31,TUNJA,CALE.n_2,21.3,euclidiana
15236,CHIVOR,BOYACÁ,4.888173,-73.368398,SAT_136,GUATEQUE,CALE.C2,24.46,euclidiana
15238,DUITAMA,BOYACÁ,5.822964,-73.03063,SAT_116,NOBSA,CALE.C2,16.83,euclidiana
15244,EL COCUY,BOYACÁ,6.407738,-72.444537,SAT_094,EL ESPINO,CALE.C2,14.26,euclidiana
15248,EL ESPINO,BOYACÁ,6.483027,-72.497007,SAT_094,EL ESPINO,CALE.C2,0.0,euclidiana
15272,FIRAVITOBA,BOYACÁ,5.668885,-72.993392,SAT_112,CUÃTIVA,CALE.C3,14.42,euclidiana
15276,FLORESTA,BOYACÁ,5.859519,-72.918111,SAT_107,CORRALES,CALE.C2,12.36,euclidiana
15293,GACHANTIVÁ,BOYACÁ,5.751891,-73.549092,SAT_121,BARBOSA,CALE.C3,29.97,euclidiana
15296,GÁMEZA,BOYACÁ,5.802333,-72.80553,SAT_107,CORRALES,CALE.C2,7.28,euclidiana
15299,GARAGOA,BOYACÁ,5.083234,-73.364413,SAT_109,GARAGOA,CALE.C2,0.0,euclidiana
15317,GUACAMAYAS,BOYACÁ,6.459667,-72.500812,SAT_094,EL ESPINO,CALE.C2,3.68,euclidiana
15322,GUATEQUE,BOYACÁ,5.007321,-73.471207,SAT_136,GUATEQUE,CALE.C2,0.0,euclidiana
15325,GUAYATÁ,BOYACÁ,4.967122,-73.489698,SAT_136,GUATEQUE,CALE.C2,6.88,euclidiana
15332,GÜICÁN DE LA SIERRA,BOYACÁ,6.462864,-72.411763,SAT_094,EL ESPINO,CALE.C2,13.55,euclidiana
15362,IZA,BOYACÁ,5.611577,-72.979559,SAT_112,CUÃTIVA,CALE.C3,5.3,euclidiana
15367,JENESANO,BOYACÁ,5.385813,-73.363738,NODO_31,TUNJA,CALE.n_2,24.02,euclidiana
15368,JERICÓ,BOYACÁ,6.145735,-72.571122,SAT_099,JERICÃ,CALE.C3,0.0,euclidiana
15377,LABRANZAGRANDE,BOYACÁ,5.562687,-72.57777,NODO_16,YOPAL,CALE.n_1,46.23,euclidiana
15380,LA CAPILLA,BOYACÁ,5.095687,-73.444347,SAT_109,GARAGOA,CALE.C2,12.55,euclidiana
15401,LA VICTORIA,BOYACÁ,5.523792,-74.234393,SAT_135,MUZO,CALE.C2,20.45,euclidiana
15403,LA UVITA,BOYACÁ,6.31616,-72.559982,SAT_103,BOAVITA,CALE.C3,4.47,euclidiana
15407,VILLA DE LEYVA,BOYACÁ,5.632455,-73.524948,NODO_31,TUNJA,CALE.n_2,29.94,euclidiana
15425,MACANAL,BOYACÁ,4.972464,-73.319593,SAT_109,GARAGOA,CALE.C2,18.59,euclidiana
15442,MARIPÍ,BOYACÁ,5.550091,-74.00405,SAT_135,MUZO,CALE.C2,15.52,euclidiana
15455,MIRAFLORES,BOYACÁ,5.196515,-73.14563,SAT_111,PÃEZ,CALE.C3,21.12,euclidiana
15464,MONGUA,BOYACÁ,5.754242,-72.79809,SAT_107,CORRALES,CALE.C2,13.58,euclidiana
15466,MONGUÍ,BOYACÁ,5.723486,-72.849292,SAT_116,NOBSA,CALE.C2,15.26,euclidiana
15469,MONIQUIRÁ,BOYACÁ,5.876331,-73.573374,SAT_121,BARBOSA,CALE.C3,10.96,euclidiana
15476,MOTAVITA,BOYACÁ,5.5777,-73.367841,NODO_31,TUNJA,CALE.n_2,6.19,euclidiana
15480,MUZO,BOYACÁ,5.532758,-74.10269,SAT_135,MUZO,CALE.C2,0.0,euclidiana
15491,NOBSA,BOYACÁ,5.768046,-72.937042,SAT_116,NOBSA,CALE.C2,0.0,euclidiana
15494,NUEVO COLÓN,BOYACÁ,5.355317,-73.456759,NODO_31,TUNJA,CALE.n_2,32.73,euclidiana
15500,OICATÁ,BOYACÁ,5.595235,-73.308399,NODO_31,TUNJA,CALE.n_2,11.3,euclidiana
15507,OTANCHE,BOYACÁ,5.657536,-74.180965,SAT_135,MUZO,CALE.C2,22.9,euclidiana
15511,PACHAVITA,BOYACÁ,5.140065,-73.396953,SAT_109,GARAGOA,CALE.C2,10.18,euclidiana
15514,PÁEZ,BOYACÁ,5.097319,-73.052737,SAT_111,PÃEZ,CALE.C3,0.0,euclidiana
15516,PAIPA,BOYACÁ,5.779894,-73.11782,SAT_116,NOBSA,CALE.C2,28.06,euclidiana
15518,PAJARITO,BOYACÁ,5.293783,-72.703231,SAT_133,TAURAMENA,CALE.C3,43.31,euclidiana
15522,PANQUEBA,BOYACÁ,6.443416,-72.459424,SAT_094,EL ESPINO,CALE.C2,8.47,euclidiana
15531,PAUNA,BOYACÁ,5.656323,-73.978449,SAT_108,BRICEÃO,CALE.C3,10.1,euclidiana
15533,PAYA,BOYACÁ,5.625699,-72.423775,NODO_16,YOPAL,CALE.n_1,46.68,euclidiana
15537,PAZ DE RÍO,BOYACÁ,5.987645,-72.749137,SAT_130,SOCOTÃ,CALE.C2,19.3,euclidiana
15542,PESCA,BOYACÁ,5.558808,-73.050872,SAT_112,CUÃTIVA,CALE.C3,13.58,euclidiana
15550,PISBA,BOYACÁ,5.72141,-72.486023,SAT_130,SOCOTÃ,CALE.C2,54.97,euclidiana
15572,PUERTO BOYACÁ,BOYACÁ,5.976646,-74.587782,SAT_077,SAN LUIS,CALE.C3,63.67,euclidiana
15580,QUÍPAMA,BOYACÁ,5.52055,-74.180033,SAT_135,MUZO,CALE.C2,12.13,euclidiana
15599,RAMIRIQUÍ,BOYACÁ,5.400303,-73.334839,NODO_31,TUNJA,CALE.n_2,21.96,euclidiana
15600,RÁQUIRA,BOYACÁ,5.539136,-73.632543,SAT_117,GUACHETÃ,CALE.C4,25.67,euclidiana
15621,RONDÓN,BOYACÁ,5.357378,-73.208474,NODO_31,TUNJA,CALE.n_2,36.42,euclidiana
15632,SABOYÁ,BOYACÁ,5.697756,-73.764456,SAT_108,BRICEÃO,CALE.C3,24.62,euclidiana
15638,SÁCHICA,BOYACÁ,5.584305,-73.542539,NODO_31,TUNJA,CALE.n_2,29.79,euclidiana
15646,SAMACÁ,BOYACÁ,5.492161,-73.485589,NODO_31,TUNJA,CALE.n_2,21.48,euclidiana
15660,SAN EDUARDO,BOYACÁ,5.22401,-73.077747,SAT_111,PÃEZ,CALE.C3,20.1,euclidiana
15664,SAN JOSÉ DE PARE,BOYACÁ,6.018924,-73.545397,SAT_110,SANTANA,CALE.C2,11.5,euclidiana
15667,SAN LUIS DE GACENO,BOYACÁ,4.81976,-73.168076,SAT_118,SAN LUIS DE GACENO,CALE.C3,0.0,euclidiana
15673,SAN MATEO,BOYACÁ,6.401683,-72.555264,SAT_103,BOAVITA,CALE.C3,11.96,euclidiana
15676,SAN MIGUEL DE SEMA,BOYACÁ,5.518083,-73.722009,SAT_120,SUSA,CALE.C3,17.28,euclidiana
15681,SAN PABLO DE BORBUR,BOYACÁ,5.650743,-74.069963,SAT_135,MUZO,CALE.C2,19.05,euclidiana
15686,SANTANA,BOYACÁ,6.056866,-73.481639,SAT_110,SANTANA,CALE.C2,0.0,euclidiana
15690,SANTA MARÍA,BOYACÁ,4.857193,-73.263518,SAT_118,SAN LUIS DE GACENO,CALE.C3,15.91,euclidiana
15693,SANTA ROSA DE VITERBO,BOYACÁ,5.874547,-72.982461,SAT_116,NOBSA,CALE.C2,18.01,euclidiana
15696,SANTA SOFÍA,BOYACÁ,5.713269,-73.602707,SAT_121,BARBOSA,CALE.C3,34.19,euclidiana
15720,SATIVANORTE,BOYACÁ,6.131132,-72.708458,SAT_130,SOCOTÃ,CALE.C2,17.88,euclidiana
15723,SATIVASUR,BOYACÁ,6.093183,-72.712435,SAT_130,SOCOTÃ,CALE.C2,14.25,euclidiana
15740,SIACHOQUE,BOYACÁ,5.511811,-73.24466,NODO_31,TUNJA,CALE.n_2,17.73,euclidiana
15753,SOATÁ,BOYACÁ,6.331945,-72.684051,SAT_103,BOAVITA,CALE.C3,15.34,euclidiana
15755,SOCOTÁ,BOYACÁ,6.041162,-72.636653,SAT_130,SOCOTÃ,CALE.C2,0.0,euclidiana
15757,SOCHA,BOYACÁ,5.996717,-72.691963,SAT_130,SOCOTÃ,CALE.C2,11.01,euclidiana
15759,SOGAMOSO,BOYACÁ,5.723976,-72.924355,SAT_116,NOBSA,CALE.C2,7.14,euclidiana
15761,SOMONDOCO,BOYACÁ,4.985726,-73.433393,SAT_136,GUATEQUE,CALE.C2,6.76,euclidiana
15762,SORA,BOYACÁ,5.56684,-73.450153,NODO_31,TUNJA,CALE.n_2,15.25,euclidiana
15763,SOTAQUIRÁ,BOYACÁ,5.764986,-73.246585,NODO_31,TUNJA,CALE.n_2,38.9,euclidiana
15764,SORACÁ,BOYACÁ,5.500898,-73.332804,NODO_31,TUNJA,CALE.n_2,7.02,euclidiana
15774,SUSACÓN,BOYACÁ,6.230332,-72.690289,SAT_103,BOAVITA,CALE.C3,22.58,euclidiana
15776,SUTAMARCHÁN,BOYACÁ,5.619781,-73.620536,SAT_117,GUACHETÃ,CALE.C4,38.21,euclidiana
15778,SUTATENZA,BOYACÁ,5.022989,-73.452317,SAT_136,GUATEQUE,CALE.C2,3.81,euclidiana
15790,TASCO,BOYACÁ,5.909821,-72.781011,SAT_107,CORRALES,CALE.C2,16.11,euclidiana
15798,TENZA,BOYACÁ,5.076781,-73.421176,SAT_109,GARAGOA,CALE.C2,8.86,euclidiana
15804,TIBANÁ,BOYACÁ,5.317251,-73.396457,NODO_31,TUNJA,CALE.n_2,35.23,euclidiana
15806,TIBASOSA,BOYACÁ,5.74723,-72.999449,SAT_116,NOBSA,CALE.C2,10.19,euclidiana
15808,TINJACÁ,BOYACÁ,5.579713,-73.646847,SAT_117,GUACHETÃ,CALE.C4,31.19,euclidiana
15810,TIPACOQUE,BOYACÁ,6.419203,-72.691729,SAT_103,BOAVITA,CALE.C3,21.52,euclidiana
15814,TOCA,BOYACÁ,5.566464,-73.184794,NODO_31,TUNJA,CALE.n_2,26.78,euclidiana
15816,TOGÜÍ,BOYACÁ,5.937438,-73.513655,SAT_121,BARBOSA,CALE.C3,15.86,euclidiana
15820,TÓPAGA,BOYACÁ,5.768201,-72.832245,SAT_107,CORRALES,CALE.C2,9.52,euclidiana
15822,TOTA,BOYACÁ,5.560497,-72.985898,SAT_112,CUÃTIVA,CALE.C3,4.38,euclidiana
15832,TUNUNGUÁ,BOYACÁ,5.730582,-73.933155,SAT_108,BRICEÃO,CALE.C3,6.37,euclidiana
15835,TURMEQUÉ,BOYACÁ,5.323261,-73.491825,SAT_117,GUACHETÃ,CALE.C4,31.66,euclidiana
15837,TUTA,BOYACÁ,5.689082,-73.230285,NODO_31,TUNJA,CALE.n_2,30.27,euclidiana
15839,TUTAZÁ,BOYACÁ,6.032608,-72.856035,SAT_113,BERBEO,CALE.C3,10.94,euclidiana
15842,ÚMBITA,BOYACÁ,5.221176,-73.456917,SAT_109,GARAGOA,CALE.C2,25.82,euclidiana
15861,VENTAQUEMADA,BOYACÁ,5.368739,-73.522368,SAT_117,GUACHETÃ,CALE.C4,25.61,euclidiana
15879,VIRACACHÁ,BOYACÁ,5.436833,-73.296894,NODO_31,TUNJA,CALE.n_2,18.44,euclidiana
15897,ZETAQUIRA,BOYACÁ,5.283443,-73.17098,SAT_111,PÃEZ,CALE.C3,34.29,euclidiana
17001,MANIZALES,CALDAS,5.057657,-75.491025,NODO_34,MANIZALES,CALE.n_2,0.0,nodo_propio
17013,AGUADAS,CALDAS,5.610244,-75.45487,SAT_038,MARMATO,CALE.C3,30.89,euclidiana
17042,ANSERMA,CALDAS,5.236471,-75.784343,SAT_040,GUÃTICA,CALE.C3,12.49,euclidiana
17050,ARANZAZU,CALDAS,5.271195,-75.49129,NODO_34,MANIZALES,CALE.n_2,33.24,euclidiana
17088,BELALCÁZAR,CALDAS,4.993785,-75.811918,SAT_065,APÃA,CALE.C3,26.78,euclidiana
17174,CHINCHINÁ,CALDAS,4.985227,-75.607529,NODO_34,MANIZALES,CALE.n_2,21.3,euclidiana
17272,FILADELFIA,CALDAS,5.297091,-75.562474,SAT_038,MARMATO,CALE.C3,28.18,euclidiana
17380,LA DORADA,CALDAS,5.460834,-74.668819,SAT_141,LA DORADA,CALE.C4,0.0,nodo_propio
17388,LA MERCED,CALDAS,5.39647,-75.546486,SAT_038,MARMATO,CALE.C3,14.68,euclidiana
17433,MANZANARES,CALDAS,5.255699,-75.152829,SAT_039,MARQUETALIA,CALE.C3,16.77,euclidiana
17442,MARMATO,CALDAS,5.47422,-75.600049,SAT_038,MARMATO,CALE.C3,0.0,nodo_propio
17444,MARQUETALIA,CALDAS,5.297525,-75.053097,SAT_039,MARQUETALIA,CALE.C3,0.0,nodo_propio
17446,MARULANDA,CALDAS,5.284304,-75.259721,SAT_039,MARQUETALIA,CALE.C3,32.09,euclidiana
17486,NEIRA,CALDAS,5.166895,-75.520006,NODO_34,MANIZALES,CALE.n_2,17.59,euclidiana
17495,NORCASIA,CALDAS,5.574796,-74.889543,SAT_141,LA DORADA,CALE.C4,38.53,euclidiana
17513,PÁCORA,CALDAS,5.527172,-75.459621,SAT_038,MARMATO,CALE.C3,23.27,euclidiana
17524,PALESTINA,CALDAS,5.017879,-75.624577,NODO_34,MANIZALES,CALE.n_2,21.62,euclidiana
17541,PENSILVANIA,CALDAS,5.383281,-75.160299,SAT_039,MARQUETALIA,CALE.C3,21.31,euclidiana
17614,RIOSUCIO,CALDAS,5.423673,-75.702104,SAT_038,MARMATO,CALE.C3,17.66,euclidiana
17616,RISARALDA,CALDAS,5.164509,-75.76722,SAT_040,GUÃTICA,CALE.C3,24.0,euclidiana
17653,SALAMINA,CALDAS,5.403025,-75.487223,SAT_038,MARMATO,CALE.C3,20.7,euclidiana
17662,SAMANÁ,CALDAS,5.41308,-74.992263,SAT_039,MARQUETALIA,CALE.C3,20.31,euclidiana
17665,SAN JOSÉ,CALDAS,5.08231,-75.792063,SAT_065,APÃA,CALE.C3,23.61,euclidiana
17777,SUPÍA,CALDAS,5.446843,-75.64966,SAT_038,MARMATO,CALE.C3,8.79,euclidiana
17867,VICTORIA,CALDAS,5.317437,-74.911239,SAT_039,MARQUETALIA,CALE.C3,22.21,euclidiana
17873,VILLAMARÍA,CALDAS,5.038925,-75.502487,NODO_34,MANIZALES,CALE.n_2,3.42,euclidiana
17877,VITERBO,CALDAS,5.062664,-75.87061,SAT_065,APÃA,CALE.C3,13.05,euclidiana
18001,FLORENCIA,CAQUETÁ,1.618196,-75.609831,NODO_38,FLORENCIA,CALE.n_2,0.0,nodo_propio
18029,ALBANIA,CAQUETÁ,1.328526,-75.878375,NODO_38,FLORENCIA,CALE.n_2,61.48,euclidiana
18094,BELÉN DE LOS ANDAQUÍES,CAQUETÁ,1.415812,-75.872405,NODO_38,FLORENCIA,CALE.n_2,51.6,euclidiana
18150,CARTAGENA DEL CHAIRÁ,CAQUETÁ,1.332371,-74.847867,SAT_028,CARTAGENA DEL CHAIRÃ,CALE.C4,0.0,euclidiana
18205,CURILLO,CAQUETÁ,1.033473,-75.919205,SAT_026,SOLITA,CALE.C3,52.6,euclidiana
18247,EL DONCELLO,CAQUETÁ,1.679951,-75.283631,NODO_38,FLORENCIA,CALE.n_2,51.66,euclidiana
18256,EL PAUJÍL,CAQUETÁ,1.570226,-75.326093,NODO_38,FLORENCIA,CALE.n_2,44.78,euclidiana
18410,LA MONTAÑITA,CAQUETÁ,1.479173,-75.436408,NODO_38,FLORENCIA,CALE.n_2,34.59,euclidiana
18460,MILÁN,CAQUETÁ,1.29021,-75.506926,NODO_38,FLORENCIA,CALE.n_2,53.51,euclidiana
18479,MORELIA,CAQUETÁ,1.486611,-75.724146,NODO_38,FLORENCIA,CALE.n_2,27.13,euclidiana
18592,PUERTO RICO,CAQUETÁ,1.909063,-75.157604,SAT_060,SAN VICENTE DEL CAGUÃN,CALE.C5,68.91,euclidiana
18610,SAN JOSÉ DEL FRAGUA,CAQUETÁ,1.330266,-75.973796,NODO_38,FLORENCIA,CALE.n_2,72.23,euclidiana
18753,SAN VICENTE DEL CAGUÁN,CAQUETÁ,2.119413,-74.767894,SAT_060,SAN VICENTE DEL CAGUÃN,CALE.C5,0.0,euclidiana
18756,SOLANO,CAQUETÁ,0.699077,-75.253702,SAT_026,SOLITA,CALE.C3,63.34,euclidiana
18785,SOLITA,CAQUETÁ,0.87654,-75.619902,SAT_026,SOLITA,CALE.C3,0.0,nodo_propio
18860,VALPARAÍSO,CAQUETÁ,1.194619,-75.70671,SAT_026,SOLITA,CALE.C3,51.33,euclidiana
19001,POPAYÁN,CAUCA,2.459641,-76.599377,NODO_32,POPAYÃN,CALE.n_2,0.0,euclidiana
19022,ALMAGUER,CAUCA,1.913429,-76.85607,SAT_067,PÃEZ,CALE.C2,37.03,euclidiana
19050,ARGELIA,CAUCA,2.257427,-77.24905,SAT_067,PÃEZ,CALE.C2,47.15,euclidiana
19075,BALBOA,CAUCA,2.040998,-77.215773,SAT_067,PÃEZ,CALE.C2,38.33,euclidiana
19100,BOLÍVAR,CAUCA,1.837538,-76.966215,SAT_073,SAN PABLO,CALE.C2,27.21,euclidiana
19110,BUENOS AIRES,CAUCA,3.015382,-76.642238,NODO_24,JAMUNDÃ,CALE.n_2,41.18,euclidiana
19130,CAJIBÍO,CAUCA,2.623371,-76.570682,NODO_32,POPAYÃN,CALE.n_2,25.88,euclidiana
19137,CALDONO,CAUCA,2.798059,-76.484319,SAT_035,POPAYÃN,CALE.C5,41.1,euclidiana
19142,CALOTO,CAUCA,3.034531,-76.408941,SAT_035,POPAYÃN,CALE.C5,25.01,euclidiana
19212,CORINTO,CAUCA,3.173854,-76.261866,SAT_035,POPAYÃN,CALE.C5,34.4,euclidiana
19256,EL TAMBO,CAUCA,2.451409,-76.810911,NODO_32,POPAYÃN,CALE.n_2,32.92,euclidiana
19290,FLORENCIA,CAUCA,1.682535,-77.072547,SAT_073,SAN PABLO,CALE.C2,9.34,euclidiana
19300,GUACHENÉ,CAUCA,3.134153,-76.392189,NODO_24,JAMUNDÃ,CALE.n_2,29.89,euclidiana
19318,GUAPI,CAUCA,2.571337,-77.88797,SAT_082,EL CHARCO,CALE.C2,37.39,euclidiana
19355,INZÁ,CAUCA,2.549183,-76.063503,SAT_069,INZÃ,CALE.C3,0.0,euclidiana
19364,JAMBALÓ,CAUCA,2.777834,-76.323877,SAT_035,POPAYÃN,CALE.C5,28.52,euclidiana
19392,LA SIERRA,CAUCA,2.179383,-76.763278,SAT_067,PÃEZ,CALE.C2,35.29,euclidiana
19397,LA VEGA,CAUCA,2.001803,-76.778771,SAT_067,PÃEZ,CALE.C2,36.14,euclidiana
19418,LÓPEZ DE MICAY,CAUCA,2.846788,-77.247803,SAT_068,LÃPEZ DE MICAY,CALE.C4,0.0,euclidiana
19450,MERCADERES,CAUCA,1.789193,-77.164319,SAT_070,EL ROSARIO,CALE.C3,27.3,euclidiana
19455,MIRANDA,CAUCA,3.254651,-76.228722,SAT_035,POPAYÃN,CALE.C5,47.4,euclidiana
19473,MORALES,CAUCA,2.754684,-76.629106,NODO_32,POPAYÃN,CALE.n_2,46.16,euclidiana
19513,PADILLA,CAUCA,3.220984,-76.313265,NODO_24,JAMUNDÃ,CALE.n_2,35.49,euclidiana
19517,PÁEZ,CAUCA,2.645724,-75.970685,SAT_069,INZÃ,CALE.C3,20.84,euclidiana
19532,PATÍA,CAUCA,2.115875,-76.981075,SAT_067,PÃEZ,CALE.C2,0.0,euclidiana
19533,PIAMONTE,CAUCA,1.11754,-76.327588,NODO_43,MOCOA,CALE.n_3,51.11,euclidiana
19548,PIENDAMÓ - TUNÍA,CAUCA,2.64228,-76.528615,NODO_32,POPAYÃN,CALE.n_2,30.49,euclidiana
19573,PUERTO TEJADA,CAUCA,3.233254,-76.417673,NODO_24,JAMUNDÃ,CALE.n_2,19.19,euclidiana
19585,PURACÉ,CAUCA,2.341507,-76.496698,NODO_32,POPAYÃN,CALE.n_2,24.36,euclidiana
19622,ROSAS,CAUCA,2.260941,-76.740336,NODO_32,POPAYÃN,CALE.n_2,37.91,euclidiana
19693,SAN SEBASTIÁN,CAUCA,1.838451,-76.769467,SAT_073,SAN PABLO,CALE.C2,46.26,euclidiana
19698,SANTANDER DE QUILICHAO,CAUCA,3.015008,-76.485141,SAT_035,POPAYÃN,CALE.C5,34.77,euclidiana
19701,SANTA ROSA,CAUCA,1.700916,-76.573252,SAT_066,ISNOS,CALE.C3,65.78,euclidiana
19743,SILVIA,CAUCA,2.611927,-76.379753,NODO_32,POPAYÃN,CALE.n_2,41.58,euclidiana
19760,SOTARÁ - PAISPAMBA,CAUCA,2.253156,-76.613365,NODO_32,POPAYÃN,CALE.n_2,32.22,euclidiana
19780,SUÁREZ,CAUCA,2.959785,-76.69357,NODO_24,JAMUNDÃ,CALE.n_2,52.41,euclidiana
19785,SUCRE,CAUCA,2.038237,-76.926279,SAT_067,PÃEZ,CALE.C2,14.79,euclidiana
19807,TIMBÍO,CAUCA,2.349686,-76.684476,NODO_32,POPAYÃN,CALE.n_2,21.64,euclidiana
19809,TIMBIQUÍ,CAUCA,2.777312,-77.667541,SAT_068,LÃPEZ DE MICAY,CALE.C4,66.15,euclidiana
19821,TORIBÍO,CAUCA,2.953017,-76.270284,SAT_035,POPAYÃN,CALE.C5,0.0,euclidiana
19824,TOTORÓ,CAUCA,2.510252,-76.403628,NODO_32,POPAYÃN,CALE.n_2,31.45,euclidiana
19845,VILLA RICA,CAUCA,3.17762,-76.458025,NODO_24,JAMUNDÃ,CALE.n_2,17.77,euclidiana
20001,VALLEDUPAR,CESAR,10.460472,-73.259398,NODO_08,VALLEDUPAR,CALE.n_1,0.0,nodo_propio
20011,AGUACHICA,CESAR,8.306811,-73.614027,NODO_40,AGUACHICA,CALE.n_2,0.0,nodo_propio
20013,AGUSTÍN CODAZZI,CESAR,10.040454,-73.238389,SAT_036,AGUSTÃN CODAZZI,CALE.C3,0.0,euclidiana
20032,ASTREA,CESAR,9.498062,-73.975842,SAT_049,GUAMAL,CALE.C2,66.94,euclidiana
20045,BECERRIL,CESAR,9.704404,-73.278707,SAT_036,AGUSTÃN CODAZZI,CALE.C3,52.68,euclidiana
20060,BOSCONIA,CESAR,9.975098,-73.888761,SAT_051,ASTREA,CALE.C3,56.93,euclidiana
20175,CHIMICHAGUA,CESAR,9.25875,-73.813278,SAT_002,CURUMANÃ,CALE.C3,42.79,euclidiana
20178,CHIRIGUANÁ,CESAR,9.361058,-73.599913,SAT_002,CURUMANÃ,CALE.C3,26.41,euclidiana
20228,CURUMANÍ,CESAR,9.201716,-73.540843,SAT_002,CURUMANÃ,CALE.C3,0.0,euclidiana
20238,EL COPEY,CESAR,10.149883,-73.962703,SAT_051,ASTREA,CALE.C3,63.12,euclidiana
20250,EL PASO,CESAR,9.668461,-73.742012,SAT_002,CURUMANÃ,CALE.C3,78.95,euclidiana
20295,GAMARRA,CESAR,8.324793,-73.737558,NODO_40,AGUACHICA,CALE.n_2,19.23,euclidiana
20310,GONZÁLEZ,CESAR,8.389604,-73.38004,NODO_52,OCAÃA,CALE.n_3,22.26,euclidiana
20383,LA GLORIA,CESAR,8.619298,-73.80321,SAT_001,ARENAL,CALE.C2,32.78,euclidiana
20400,LA JAGUA DE IBIRICO,CESAR,9.563752,-73.334143,SAT_002,CURUMANÃ,CALE.C3,64.69,euclidiana
20443,MANAURE BALCÓN DEL CESAR,CESAR,10.390776,-73.029472,NODO_15,LA PAZ,CALE.n_1,21.73,euclidiana
20517,PAILITAS,CESAR,8.959399,-73.625825,SAT_002,CURUMANÃ,CALE.C3,39.92,euclidiana
20550,PELAYA,CESAR,8.689451,-73.666735,SAT_001,ARENAL,CALE.C2,55.43,euclidiana
20570,PUEBLO BELLO,CESAR,10.417321,-73.586211,NODO_08,VALLEDUPAR,CALE.n_1,50.48,euclidiana
20614,RÍO DE ORO,CESAR,8.292292,-73.386393,NODO_52,OCAÃA,CALE.n_3,8.25,euclidiana
20621,LA PAZ,CESAR,10.387552,-73.171365,NODO_15,LA PAZ,CALE.n_1,0.0,nodo_propio
20710,SAN ALBERTO,CESAR,7.76111,-73.393889,SAT_018,SABANA DE TORRES,CALE.C3,59.72,euclidiana
20750,SAN DIEGO,CESAR,10.333039,-73.181208,NODO_15,LA PAZ,CALE.n_1,8.62,euclidiana
20770,SAN MARTÍN,CESAR,7.999855,-73.510914,NODO_52,OCAÃA,CALE.n_3,45.48,euclidiana
20787,TAMALAMEQUE,CESAR,8.861725,-73.812172,SAT_004,SAN MARTÃN DE LOBA,CALE.C3,36.85,euclidiana
23001,MONTERÍA,CÓRDOBA,8.759789,-75.873096,NODO_17,MONTERÃA,CALE.n_1,0.0,euclidiana
23068,AYAPEL,CÓRDOBA,8.313838,-75.146048,SAT_043,BUENAVISTA,CALE.C3,53.56,euclidiana
23079,BUENAVISTA,CÓRDOBA,8.221187,-75.480897,SAT_043,BUENAVISTA,CALE.C3,0.0,nodo_propio
23090,CANALETE,CÓRDOBA,8.786939,-76.241476,SAT_044,PUERTO ESCONDIDO,CALE.C2,34.13,euclidiana
23162,CERETÉ,CÓRDOBA,8.888532,-75.796093,NODO_17,MONTERÃA,CALE.n_1,23.28,euclidiana
23168,CHIMÁ,CÓRDOBA,9.149698,-75.626886,NODO_39,SINCELEJO,CALE.n_2,42.77,euclidiana
23182,CHINÚ,CÓRDOBA,9.105473,-75.399633,NODO_39,SINCELEJO,CALE.n_2,30.65,euclidiana
23189,CIÉNAGA DE ORO,CÓRDOBA,8.875794,-75.620807,NODO_17,MONTERÃA,CALE.n_1,42.81,euclidiana
23300,COTORRA,CÓRDOBA,9.037163,-75.799216,NODO_17,MONTERÃA,CALE.n_1,44.65,euclidiana
23350,LA APARTADA,CÓRDOBA,8.050125,-75.336031,SAT_046,MONTELÃBANO,CALE.C3,17.21,euclidiana
23417,LORICA,CÓRDOBA,9.240789,-75.816084,NODO_39,SINCELEJO,CALE.n_2,65.33,euclidiana
23419,LOS CÓRDOBAS,CÓRDOBA,8.892098,-76.35518,SAT_044,PUERTO ESCONDIDO,CALE.C2,22.88,euclidiana
23464,MOMIL,CÓRDOBA,9.240707,-75.67796,NODO_39,SINCELEJO,CALE.n_2,44.45,euclidiana
23466,MONTELÍBANO,CÓRDOBA,7.973777,-75.416818,SAT_046,MONTELÃBANO,CALE.C3,0.0,euclidiana
23500,MOÑITOS,CÓRDOBA,9.245223,-76.1291,SAT_044,PUERTO ESCONDIDO,CALE.C2,42.44,euclidiana
23555,PLANETA RICA,CÓRDOBA,8.4082,-75.583241,SAT_043,BUENAVISTA,CALE.C3,33.11,euclidiana
23570,PUEBLO NUEVO,CÓRDOBA,8.504099,-75.508035,SAT_043,BUENAVISTA,CALE.C3,44.24,euclidiana
23574,PUERTO ESCONDIDO,CÓRDOBA,9.005372,-76.260411,SAT_044,PUERTO ESCONDIDO,CALE.C2,0.0,euclidiana
23580,PUERTO LIBERTADOR,CÓRDOBA,7.888859,-75.671761,SAT_046,MONTELÃBANO,CALE.C3,41.47,euclidiana
23586,PURÍSIMA DE LA CONCEPCIÓN,CÓRDOBA,9.239295,-75.724987,NODO_39,SINCELEJO,CALE.n_2,51.57,euclidiana
23660,SAHAGÚN,CÓRDOBA,8.943048,-75.445834,SAT_091,LA UNIÃN,CALE.C3,29.57,euclidiana
23670,SAN ANDRÉS DE SOTAVENTO,CÓRDOBA,9.145448,-75.50879,NODO_39,SINCELEJO,CALE.n_2,30.0,euclidiana
23672,SAN ANTERO,CÓRDOBA,9.376434,-75.76112,NODO_39,SINCELEJO,CALE.n_2,57.34,euclidiana
23675,SAN BERNARDO DEL VIENTO,CÓRDOBA,9.35247,-75.955107,SAT_044,PUERTO ESCONDIDO,CALE.C2,71.56,euclidiana
23678,SAN CARLOS,CÓRDOBA,8.799282,-75.698799,NODO_17,MONTERÃA,CALE.n_1,27.51,euclidiana
23682,SAN JOSÉ DE URÉ,CÓRDOBA,7.787303,-75.533476,SAT_046,MONTELÃBANO,CALE.C3,34.15,euclidiana
23686,SAN PELAYO,CÓRDOBA,8.958436,-75.835615,NODO_17,MONTERÃA,CALE.n_1,31.46,euclidiana
23807,TIERRALTA,CÓRDOBA,8.170612,-76.059797,SAT_045,TIERRALTA,CALE.C4,0.0,euclidiana
23815,TUCHÍN,CÓRDOBA,9.186625,-75.553962,NODO_39,SINCELEJO,CALE.n_2,30.29,euclidiana
23855,VALENCIA,CÓRDOBA,8.255016,-76.150756,SAT_045,TIERRALTA,CALE.C4,19.21,euclidiana
25001,AGUA DE DIOS,CUNDINAMARCA,4.375309,-74.669221,NODO_28,GIRARDOT,CALE.n_2,22.24,euclidiana
25019,ALBÁN,CUNDINAMARCA,4.878022,-74.438261,SAT_057,CASTILLA LA NUEVA,CALE.C3,26.48,euclidiana
25035,ANAPOIMA,CUNDINAMARCA,4.562737,-74.528676,SAT_093,ARBELÃEZ,CALE.C4,48.51,euclidiana
25040,ANOLAIMA,CUNDINAMARCA,4.7617,-74.46384,SAT_057,CASTILLA LA NUEVA,CALE.C3,35.41,euclidiana
25053,ARBELÁEZ,CUNDINAMARCA,4.272534,-74.414901,SAT_093,ARBELÃEZ,CALE.C4,0.0,euclidiana
25086,BELTRÁN,CUNDINAMARCA,4.802832,-74.741666,SAT_029,AMBALEMA,CALE.C3,4.72,euclidiana
25095,BITUIMA,CUNDINAMARCA,4.872171,-74.539609,SAT_057,CASTILLA LA NUEVA,CALE.C3,14.58,euclidiana
25099,BOJACÁ,CUNDINAMARCA,4.737205,-74.344594,NODO_07,MOSQUERA,CALE.n_1,19.74,euclidiana
25120,CABRERA,CUNDINAMARCA,3.985164,-74.484549,SAT_030,VILLARRICA,CALE.C2,19.48,euclidiana
25123,CACHIPAY,CUNDINAMARCA,4.730957,-74.435711,NODO_07,MOSQUERA,CALE.n_1,33.5,euclidiana
25126,CAJICÁ,CUNDINAMARCA,4.920009,-74.02298,NODO_30,EL PEÃÃN,CALE.n_2,17.0,euclidiana
25148,CAPARRAPÍ,CUNDINAMARCA,5.34758,-74.491045,SAT_140,LA PALMA,CALE.C3,15.6,euclidiana
25151,CÁQUEZA,CUNDINAMARCA,4.404112,-73.946473,SAT_016,FOSCA,CALE.C5,10.19,euclidiana
25154,CARMEN DE CARUPA,CUNDINAMARCA,5.349119,-73.901357,SAT_139,FACATATIVÃ,CALE.C4,18.45,euclidiana
25168,CHAGUANÍ,CUNDINAMARCA,4.948916,-74.593455,SAT_057,CASTILLA LA NUEVA,CALE.C3,0.0,euclidiana
25175,CHÍA,CUNDINAMARCA,4.866508,-74.05,NODO_30,EL PEÃÃN,CALE.n_2,26.2,euclidiana
25178,CHIPAQUE,CUNDINAMARCA,4.442671,-74.044876,SAT_016,FOSCA,CALE.C5,23.02,euclidiana
25181,CHOACHÍ,CUNDINAMARCA,4.527048,-73.922894,SAT_016,FOSCA,CALE.C5,29.37,euclidiana
25183,CHOCONTÁ,CUNDINAMARCA,5.145224,-73.683533,SAT_117,GUACHETÃ,CALE.C4,37.08,euclidiana
25200,COGUA,CUNDINAMARCA,5.061842,-73.978497,NODO_30,EL PEÃÃN,CALE.n_2,6.18,euclidiana
25214,COTA,CUNDINAMARCA,4.812564,-74.102569,NODO_07,MOSQUERA,CALE.n_1,24.72,euclidiana
25224,CUCUNUBÁ,CUNDINAMARCA,5.249795,-73.766113,SAT_117,GUACHETÃ,CALE.C4,24.14,euclidiana
25245,EL COLEGIO,CUNDINAMARCA,4.577951,-74.442261,NODO_14,SOACHA,CALE.n_1,35.19,euclidiana
25258,EL PEÑÓN,CUNDINAMARCA,5.248747,-74.290207,SAT_137,LA PEÃA,CALE.C2,17.88,euclidiana
25260,EL ROSAL,CUNDINAMARCA,4.850589,-74.263103,NODO_07,MOSQUERA,CALE.n_1,23.35,euclidiana
25269,FACATATIVÁ,CUNDINAMARCA,4.813353,-74.350085,NODO_07,MOSQUERA,CALE.n_1,26.01,euclidiana
25279,FÓMEQUE,CUNDINAMARCA,4.485474,-73.892523,SAT_016,FOSCA,CALE.C5,23.9,euclidiana
25281,FOSCA,CUNDINAMARCA,4.339093,-73.93902,SAT_016,FOSCA,CALE.C5,0.0,nodo_propio
25286,FUNZA,CUNDINAMARCA,4.710412,-74.201528,NODO_07,MOSQUERA,CALE.n_1,3.1,euclidiana
25288,FÚQUENE,CUNDINAMARCA,5.403997,-73.795855,SAT_139,FACATATIVÃ,CALE.C4,0.0,euclidiana
25290,FUSAGASUGÁ,CUNDINAMARCA,4.336723,-74.37543,SAT_093,ARBELÃEZ,CALE.C4,11.72,euclidiana
25293,GACHALÁ,CUNDINAMARCA,4.693579,-73.520161,SAT_138,GAMA,CALE.C3,17.8,euclidiana
25295,GACHANCIPÁ,CUNDINAMARCA,4.990947,-73.873464,NODO_30,EL PEÃÃN,CALE.n_2,19.52,euclidiana
25297,GACHETÁ,CUNDINAMARCA,4.816411,-73.636377,SAT_138,GAMA,CALE.C3,9.15,euclidiana
25299,GAMA,CUNDINAMARCA,4.763325,-73.611037,SAT_138,GAMA,CALE.C3,0.0,nodo_propio
25307,GIRARDOT,CUNDINAMARCA,4.313069,-74.798201,NODO_28,GIRARDOT,CALE.n_2,0.0,nodo_propio
25312,GRANADA,CUNDINAMARCA,4.519763,-74.350766,NODO_14,SOACHA,CALE.n_1,22.95,euclidiana
25317,GUACHETÁ,CUNDINAMARCA,5.383378,-73.686972,SAT_117,GUACHETÃ,CALE.C4,0.0,euclidiana
25320,GUADUAS,CUNDINAMARCA,5.072076,-74.603402,SAT_056,GUADUAS,CALE.C3,0.0,nodo_propio
25322,GUASCA,CUNDINAMARCA,4.866719,-73.877143,NODO_30,EL PEÃÃN,CALE.n_2,30.69,euclidiana
25324,GUATAQUÍ,CUNDINAMARCA,4.517517,-74.790058,NODO_28,GIRARDOT,CALE.n_2,31.85,euclidiana
25326,GUATAVITA,CUNDINAMARCA,4.935211,-73.83293,NODO_30,EL PEÃÃN,CALE.n_2,28.72,euclidiana
25328,GUAYABAL DE SÍQUIMA,CUNDINAMARCA,4.877968,-74.467437,SAT_057,CASTILLA LA NUEVA,CALE.C3,22.45,euclidiana
25335,GUAYABETAL,CUNDINAMARCA,4.215306,-73.815107,SAT_016,FOSCA,CALE.C5,27.23,euclidiana
25339,GUTIÉRREZ,CUNDINAMARCA,4.254679,-74.003042,SAT_016,FOSCA,CALE.C5,16.48,euclidiana
25368,JERUSALÉN,CUNDINAMARCA,4.562273,-74.695474,SAT_029,AMBALEMA,CALE.C3,35.94,euclidiana
25372,JUNÍN,CUNDINAMARCA,4.79057,-73.662961,SAT_138,GAMA,CALE.C3,9.1,euclidiana
25377,LA CALERA,CUNDINAMARCA,4.721104,-73.968161,NODO_01,"BOGOTÃ, D.C.",CALE.n_1,24.27,euclidiana
25386,LA MESA,CUNDINAMARCA,4.631028,-74.461588,NODO_14,SOACHA,CALE.n_1,39.03,euclidiana
25394,LA PALMA,CUNDINAMARCA,5.358816,-74.391022,SAT_140,LA PALMA,CALE.C3,0.0,nodo_propio
25398,LA PEÑA,CUNDINAMARCA,5.198945,-74.394105,SAT_137,LA PEÃA,CALE.C2,0.0,euclidiana
25402,LA VEGA,CUNDINAMARCA,4.997768,-74.336885,SAT_137,LA PEÃA,CALE.C2,32.55,euclidiana
25407,LENGUAZAQUE,CUNDINAMARCA,5.306131,-73.711512,SAT_117,GUACHETÃ,CALE.C4,12.61,euclidiana
25426,MACHETÁ,CUNDINAMARCA,5.08007,-73.608226,SAT_136,GUATEQUE,CALE.C2,24.08,euclidiana
25430,MADRID,CUNDINAMARCA,4.732791,-74.265854,NODO_07,MOSQUERA,CALE.n_1,8.05,euclidiana
25436,MANTA,CUNDINAMARCA,5.009008,-73.540444,SAT_136,GUATEQUE,CALE.C2,10.74,euclidiana
25438,MEDINA,CUNDINAMARCA,4.506298,-73.348449,SAT_127,MEDINA,CALE.C3,0.0,nodo_propio
25473,MOSQUERA,CUNDINAMARCA,4.70653,-74.221154,NODO_07,MOSQUERA,CALE.n_1,0.0,nodo_propio
25483,NARIÑO,CUNDINAMARCA,4.399837,-74.824732,NODO_28,GIRARDOT,CALE.n_2,14.12,euclidiana
25486,NEMOCÓN,CUNDINAMARCA,5.068705,-73.877888,NODO_30,EL PEÃÃN,CALE.n_2,19.29,euclidiana
25488,NILO,CUNDINAMARCA,4.305838,-74.620009,NODO_28,GIRARDOT,CALE.n_2,27.68,euclidiana
25489,NIMAIMA,CUNDINAMARCA,5.125992,-74.38604,SAT_137,LA PEÃA,CALE.C2,11.43,euclidiana
25491,NOCAIMA,CUNDINAMARCA,5.069466,-74.379093,SAT_137,LA PEÃA,CALE.C2,20.29,euclidiana
25506,VENECIA,CUNDINAMARCA,4.089056,-74.478301,SAT_093,ARBELÃEZ,CALE.C4,30.21,euclidiana
25513,PACHO,CUNDINAMARCA,5.136907,-74.156132,NODO_30,EL PEÃÃN,CALE.n_2,30.49,euclidiana
25518,PAIME,CUNDINAMARCA,5.370487,-74.152213,SAT_135,MUZO,CALE.C2,26.4,euclidiana
25524,PANDI,CUNDINAMARCA,4.190393,-74.486641,SAT_093,ARBELÃEZ,CALE.C4,16.96,euclidiana
25530,PARATEBUENO,CUNDINAMARCA,4.374832,-73.212825,SAT_127,MEDINA,CALE.C3,29.36,euclidiana
25535,PASCA,CUNDINAMARCA,4.308979,-74.302276,SAT_093,ARBELÃEZ,CALE.C4,18.38,euclidiana
25572,PUERTO SALGAR,CUNDINAMARCA,5.465413,-74.653695,SAT_141,LA DORADA,CALE.C4,2.45,euclidiana
25580,PULÍ,CUNDINAMARCA,4.682022,-74.71438,SAT_029,AMBALEMA,CALE.C3,17.49,euclidiana
25592,QUEBRADANEGRA,CUNDINAMARCA,5.118076,-74.48014,SAT_137,LA PEÃA,CALE.C2,18.34,euclidiana
25594,QUETAME,CUNDINAMARCA,4.329884,-73.863214,SAT_016,FOSCA,CALE.C5,11.85,euclidiana
25596,QUIPILE,CUNDINAMARCA,4.74481,-74.533705,SAT_057,CASTILLA LA NUEVA,CALE.C3,33.1,euclidiana
25599,APULO,CUNDINAMARCA,4.520304,-74.593926,NODO_28,GIRARDOT,CALE.n_2,45.23,euclidiana
25612,RICAURTE,CUNDINAMARCA,4.282113,-74.772861,NODO_28,GIRARDOT,CALE.n_2,6.22,euclidiana
25645,SAN ANTONIO DEL TEQUENDAMA,CUNDINAMARCA,4.616138,-74.351443,NODO_14,SOACHA,CALE.n_1,21.87,euclidiana
25649,SAN BERNARDO,CUNDINAMARCA,4.179433,-74.42296,SAT_093,ARBELÃEZ,CALE.C4,14.55,euclidiana
25653,SAN CAYETANO,CUNDINAMARCA,5.332938,-74.024754,SAT_135,MUZO,CALE.C2,33.37,euclidiana
25658,SAN FRANCISCO,CUNDINAMARCA,4.972917,-74.289672,SAT_137,LA PEÃA,CALE.C2,38.73,euclidiana
25662,SAN JUAN DE RIOSECO,CUNDINAMARCA,4.847575,-74.621919,SAT_057,CASTILLA LA NUEVA,CALE.C3,16.38,euclidiana
25718,SASAIMA,CUNDINAMARCA,4.962167,-74.432628,SAT_057,CASTILLA LA NUEVA,CALE.C3,25.03,euclidiana
25736,SESQUILÉ,CUNDINAMARCA,5.04476,-73.796099,NODO_30,EL PEÃÃN,CALE.n_2,30.9,euclidiana
25740,SIBATÉ,CUNDINAMARCA,4.492625,-74.257874,NODO_14,SOACHA,CALE.n_1,15.01,euclidiana
25743,SILVANIA,CUNDINAMARCA,4.381981,-74.405534,SAT_093,ARBELÃEZ,CALE.C4,17.1,euclidiana
25745,SIMIJACA,CUNDINAMARCA,5.505231,-73.850703,SAT_120,SUSA,CALE.C3,9.64,euclidiana
25754,SOACHA,CUNDINAMARCA,4.579268,-74.215463,NODO_14,SOACHA,CALE.n_1,0.0,nodo_propio
25758,SOPÓ,CUNDINAMARCA,4.915395,-73.943328,NODO_30,EL PEÃÃN,CALE.n_2,18.88,euclidiana
25769,SUBACHOQUE,CUNDINAMARCA,4.929118,-74.172773,NODO_30,EL PEÃÃN,CALE.n_2,31.46,euclidiana
25772,SUESCA,CUNDINAMARCA,5.103495,-73.798227,NODO_30,EL PEÃÃN,CALE.n_2,32.76,euclidiana
25777,SUPATÁ,CUNDINAMARCA,5.06162,-74.235403,SAT_137,LA PEÃA,CALE.C2,32.6,euclidiana
25779,SUSA,CUNDINAMARCA,5.455291,-73.813938,SAT_120,SUSA,CALE.C3,0.0,nodo_propio
25781,SUTATAUSA,CUNDINAMARCA,5.247482,-73.853159,SAT_139,FACATATIVÃ,CALE.C4,25.93,euclidiana
25785,TABIO,CUNDINAMARCA,4.916832,-74.096461,NODO_30,EL PEÃÃN,CALE.n_2,23.16,euclidiana
25793,TAUSA,CUNDINAMARCA,5.196333,-73.887813,NODO_30,EL PEÃÃN,CALE.n_2,31.32,euclidiana
25797,TENA,CUNDINAMARCA,4.655286,-74.389193,NODO_07,MOSQUERA,CALE.n_1,27.26,euclidiana
25799,TENJO,CUNDINAMARCA,4.872014,-74.143724,NODO_07,MOSQUERA,CALE.n_1,28.42,euclidiana
25805,TIBACUY,CUNDINAMARCA,4.348605,-74.452662,SAT_093,ARBELÃEZ,CALE.C4,13.21,euclidiana
25807,TIBIRITA,CUNDINAMARCA,5.052278,-73.504514,SAT_136,GUATEQUE,CALE.C2,8.7,euclidiana
25815,TOCAIMA,CUNDINAMARCA,4.459279,-74.636296,NODO_28,GIRARDOT,CALE.n_2,33.91,euclidiana
25817,TOCANCIPÁ,CUNDINAMARCA,4.964641,-73.91207,NODO_30,EL PEÃÃN,CALE.n_2,15.9,euclidiana
25823,TOPAIPÍ,CUNDINAMARCA,5.336224,-74.300626,SAT_140,LA PALMA,CALE.C3,14.45,euclidiana
25839,UBALÁ,CUNDINAMARCA,4.74762,-73.531489,SAT_138,GAMA,CALE.C3,12.58,euclidiana
25841,UBAQUE,CUNDINAMARCA,4.483788,-73.933477,SAT_016,FOSCA,CALE.C5,22.54,euclidiana
25843,VILLA DE SAN DIEGO DE UBATÉ,CUNDINAMARCA,5.307463,-73.814367,SAT_139,FACATATIVÃ,CALE.C4,15.3,euclidiana
25845,UNE,CUNDINAMARCA,4.40245,-74.025183,SAT_016,FOSCA,CALE.C5,16.62,euclidiana
25851,ÚTICA,CUNDINAMARCA,5.19055,-74.483154,SAT_137,LA PEÃA,CALE.C2,13.87,euclidiana
25862,VERGARA,CUNDINAMARCA,5.117258,-74.346163,SAT_137,LA PEÃA,CALE.C2,14.73,euclidiana
25867,VIANÍ,CUNDINAMARCA,4.875208,-74.56132,SAT_057,CASTILLA LA NUEVA,CALE.C3,12.51,euclidiana
25871,VILLAGÓMEZ,CUNDINAMARCA,5.273024,-74.195145,SAT_137,LA PEÃA,CALE.C2,32.93,euclidiana
25873,VILLAPINZÓN,CUNDINAMARCA,5.216393,-73.595704,SAT_117,GUACHETÃ,CALE.C4,29.6,euclidiana
25875,VILLETA,CUNDINAMARCA,5.012754,-74.469686,SAT_057,CASTILLA LA NUEVA,CALE.C3,21.61,euclidiana
25878,VIOTÁ,CUNDINAMARCA,4.43935,-74.523131,SAT_093,ARBELÃEZ,CALE.C4,30.93,euclidiana
25885,YACOPÍ,CUNDINAMARCA,5.459272,-74.33806,SAT_140,LA PALMA,CALE.C3,17.66,euclidiana
25898,ZIPACÓN,CUNDINAMARCA,4.759932,-74.379566,NODO_07,MOSQUERA,CALE.n_1,25.94,euclidiana
25899,ZIPAQUIRÁ,CUNDINAMARCA,5.025477,-73.994444,NODO_30,EL PEÃÃN,CALE.n_2,0.0,euclidiana
27001,QUIBDÓ,CHOCÓ,5.682166,-76.638144,NODO_45,QUIBDÃ,CALE.n_3,0.0,euclidiana
27006,ACANDÍ,CHOCÓ,8.512178,-77.279951,SAT_124,NECOCLÃ,CALE.C4,76.82,euclidiana
27025,ALTO BAUDÓ,CHOCÓ,5.516221,-76.974373,SAT_076,EL CANTÃN DEL SAN PABLO,CALE.C3,50.53,euclidiana
27050,ATRATO,CHOCÓ,5.531419,-76.635674,NODO_45,QUIBDÃ,CALE.n_3,23.47,euclidiana
27073,BAGADÓ,CHOCÓ,5.409681,-76.416063,SAT_074,LLORÃ,CALE.C2,35.87,euclidiana
27075,BAHÍA SOLANO,CHOCÓ,6.222807,-77.401359,SAT_075,BAHÃA SOLANO,CALE.C4,0.0,euclidiana
27077,BAJO BAUDÓ,CHOCÓ,4.954576,-77.365717,SAT_076,EL CANTÃN DEL SAN PABLO,CALE.C3,74.22,euclidiana
27099,BOJAYÁ,CHOCÓ,6.559708,-76.886773,SAT_081,MURINDÃ,CALE.C3,65.95,euclidiana
27135,EL CANTÓN DEL SAN PABLO,CHOCÓ,5.335321,-76.726844,SAT_076,EL CANTÃN DEL SAN PABLO,CALE.C3,41.24,euclidiana
27150,CARMEN DEL DARIÉN,CHOCÓ,7.158294,-76.970798,SAT_081,MURINDÃ,CALE.C3,36.76,euclidiana
27160,CÉRTEGUI,CHOCÓ,5.371373,-76.607619,SAT_074,LLORÃ,CALE.C2,35.58,euclidiana
27205,CONDOTO,CHOCÓ,5.091003,-76.650683,SAT_074,LLORÃ,CALE.C2,31.3,euclidiana
27245,EL CARMEN DE ATRATO,CHOCÓ,5.899789,-76.142112,SAT_005,PUEBLORRICO,CALE.C2,49.74,euclidiana
27250,EL LITORAL DEL SAN JUAN,CHOCÓ,4.259564,-77.363702,SAT_017,EL LITORAL DEL SAN JUAN,CALE.C5,0.0,nodo_propio
27361,ISTMINA,CHOCÓ,5.153946,-76.68518,SAT_074,LLORÃ,CALE.C2,33.29,euclidiana
27372,JURADÓ,CHOCÓ,7.103619,-77.762751,NODO_56,RIOSUCIO,CALE.n_3,112.92,euclidiana
27413,LLORÓ,CHOCÓ,5.49789,-76.545147,NODO_45,QUIBDÃ,CALE.n_3,32.1,euclidiana
27425,MEDIO ATRATO,CHOCÓ,5.994935,-76.783042,NODO_45,QUIBDÃ,CALE.n_3,53.61,euclidiana
27430,MEDIO BAUDÓ,CHOCÓ,5.192471,-76.950891,SAT_076,EL CANTÃN DEL SAN PABLO,CALE.C3,0.0,euclidiana
27450,MEDIO SAN JUAN,CHOCÓ,5.098291,-76.694409,SAT_074,LLORÃ,CALE.C2,36.97,euclidiana
27491,NÓVITA,CHOCÓ,4.956063,-76.609467,SAT_074,LLORÃ,CALE.C2,41.63,euclidiana
27493,NUEVO BELÉN DE BAJIRÁ,CHOCÓ,7.3719,-76.71727,SAT_007,MUTATÃ,CALE.C5,47.87,euclidiana
27495,NUQUÍ,CHOCÓ,5.709812,-77.265507,SAT_075,BAHÃA SOLANO,CALE.C4,82.58,euclidiana
27580,RÍO IRÓ,CHOCÓ,5.1863,-76.472925,SAT_074,LLORÃ,CALE.C2,0.0,euclidiana
27600,RÍO QUITO,CHOCÓ,5.483667,-76.740684,NODO_45,QUIBDÃ,CALE.n_3,34.75,euclidiana
27615,RIOSUCIO,CHOCÓ,7.436704,-77.113156,NODO_56,RIOSUCIO,CALE.n_3,0.0,nodo_propio
27660,SAN JOSÉ DEL PALMAR,CHOCÓ,4.896954,-76.234227,SAT_064,ARGELIA,CALE.C3,31.86,euclidiana
27745,SIPÍ,CHOCÓ,4.65262,-76.643453,SAT_105,EL DOVIO,CALE.C2,66.83,euclidiana
27787,TADÓ,CHOCÓ,5.264873,-76.558571,SAT_074,LLORÃ,CALE.C2,18.05,euclidiana
27800,UNGUÍA,CHOCÓ,8.04406,-77.092538,NODO_55,TURBO,CALE.n_3,56.51,euclidiana
27810,UNIÓN PANAMERICANA,CHOCÓ,5.281108,-76.630143,SAT_074,LLORÃ,CALE.C2,28.49,euclidiana
41001,NEIVA,HUILA,2.935432,-75.277327,NODO_33,NEIVA,CALE.n_2,0.0,nodo_propio
41006,ACEVEDO,HUILA,1.805173,-75.888706,SAT_025,ELÃAS,CALE.C2,33.24,euclidiana
41013,AGRADO,HUILA,2.25987,-75.772022,SAT_025,ELÃAS,CALE.C2,46.34,euclidiana
41016,AIPE,HUILA,3.223996,-75.239017,NODO_33,NEIVA,CALE.n_2,45.31,euclidiana
41020,ALGECIRAS,HUILA,2.521674,-75.315389,SAT_058,YAGUARÃ,CALE.C2,38.58,euclidiana
41026,ALTAMIRA,HUILA,2.063841,-75.788471,SAT_025,ELÃAS,CALE.C2,24.62,euclidiana
41078,BARAYA,HUILA,3.152204,-75.054843,NODO_33,NEIVA,CALE.n_2,48.32,euclidiana
41132,CAMPOALEGRE,HUILA,2.686767,-75.325748,SAT_058,YAGUARÃ,CALE.C2,30.1,euclidiana
41206,COLOMBIA,HUILA,3.376745,-74.802815,SAT_059,COLOMBIA,CALE.C3,0.0,nodo_propio
41244,ELÍAS,HUILA,2.012854,-75.938301,SAT_025,ELÃAS,CALE.C2,0.0,euclidiana
41298,GARZÓN,HUILA,2.196493,-75.627057,SAT_025,ELÃAS,CALE.C2,56.23,euclidiana
41306,GIGANTE,HUILA,2.384031,-75.547681,SAT_058,YAGUARÃ,CALE.C2,43.93,euclidiana
41319,GUADALUPE,HUILA,2.02426,-75.757185,SAT_025,ELÃAS,CALE.C2,28.23,euclidiana
41349,HOBO,HUILA,2.580812,-75.447697,SAT_058,YAGUARÃ,CALE.C2,17.03,euclidiana
41357,ÍQUIRA,HUILA,2.649359,-75.634497,SAT_058,YAGUARÃ,CALE.C2,18.27,euclidiana
41359,ISNOS,HUILA,1.929467,-76.217637,SAT_066,ISNOS,CALE.C3,0.0,nodo_propio
41378,LA ARGENTINA,HUILA,2.198496,-75.979763,SAT_025,ELÃAS,CALE.C2,29.61,euclidiana
41396,LA PLATA,HUILA,2.389263,-75.891254,SAT_069,INZÃ,CALE.C3,36.57,euclidiana
41483,NÁTAGA,HUILA,2.5451,-75.808756,SAT_069,INZÃ,CALE.C3,39.62,euclidiana
41503,OPORAPA,HUILA,2.025088,-75.995165,SAT_025,ELÃAS,CALE.C2,9.05,euclidiana
41518,PAICOL,HUILA,2.449651,-75.773158,SAT_069,INZÃ,CALE.C3,47.74,euclidiana
41524,PALERMO,HUILA,2.889649,-75.435296,NODO_33,NEIVA,CALE.n_2,25.57,euclidiana
41530,PALESTINA,HUILA,1.723725,-76.133251,SAT_066,ISNOS,CALE.C3,34.62,euclidiana
41548,PITAL,HUILA,2.266618,-75.804544,SAT_025,ELÃAS,CALE.C2,44.65,euclidiana
41551,PITALITO,HUILA,1.852631,-76.049441,SAT_066,ISNOS,CALE.C3,28.77,euclidiana
41615,RIVERA,HUILA,2.777586,-75.258753,NODO_33,NEIVA,CALE.n_2,24.74,euclidiana
41660,SALADOBLANCO,HUILA,1.9934,-76.044747,SAT_025,ELÃAS,CALE.C2,16.84,euclidiana
41668,SAN AGUSTÍN,HUILA,1.881081,-76.27036,SAT_066,ISNOS,CALE.C3,11.14,euclidiana
41676,SANTA MARÍA,HUILA,2.939603,-75.586223,SAT_058,YAGUARÃ,CALE.C2,44.09,euclidiana
41770,SUAZA,HUILA,1.976051,-75.79525,SAT_025,ELÃAS,CALE.C2,22.98,euclidiana
41791,TARQUI,HUILA,2.111325,-75.823976,SAT_025,ELÃAS,CALE.C2,23.48,euclidiana
41797,TESALIA,HUILA,2.486364,-75.730271,SAT_058,YAGUARÃ,CALE.C2,43.13,euclidiana
41799,TELLO,HUILA,3.067538,-75.138773,NODO_33,NEIVA,CALE.n_2,29.78,euclidiana
41801,TERUEL,HUILA,2.740968,-75.567034,SAT_058,YAGUARÃ,CALE.C2,14.11,euclidiana
41807,TIMANÁ,HUILA,1.974539,-75.932167,SAT_025,ELÃAS,CALE.C2,6.04,euclidiana
41872,VILLAVIEJA,HUILA,3.218822,-75.217174,NODO_33,NEIVA,CALE.n_2,45.1,euclidiana
41885,YAGUARÁ,HUILA,2.664694,-75.518023,SAT_058,YAGUARÃ,CALE.C2,0.0,euclidiana
44001,RIOHACHA,LA GUAJIRA,11.528588,-72.911795,NODO_25,RIOHACHA,CALE.n_2,0.0,nodo_propio
44035,ALBANIA,LA GUAJIRA,11.151628,-72.61232,SAT_079,HATONUEVO,CALE.C3,25.85,euclidiana
44078,BARRANCAS,LA GUAJIRA,10.958669,-72.793639,SAT_079,HATONUEVO,CALE.C3,17.95,euclidiana
44090,DIBULLA,LA GUAJIRA,11.27155,-73.307598,NODO_25,RIOHACHA,CALE.n_2,72.45,euclidiana
44098,DISTRACCIÓN,LA GUAJIRA,10.898414,-72.887405,SAT_129,SAN JUAN DEL CESAR,CALE.C4,26.5,euclidiana
44110,EL MOLINO,LA GUAJIRA,10.653505,-72.92673,SAT_129,SAN JUAN DEL CESAR,CALE.C4,21.31,euclidiana
44279,FONSECA,LA GUAJIRA,10.886734,-72.846319,SAT_129,SAN JUAN DEL CESAR,CALE.C4,29.82,euclidiana
44378,HATONUEVO,LA GUAJIRA,11.068864,-72.75904,SAT_079,HATONUEVO,CALE.C3,0.0,nodo_propio
44420,LA JAGUA DEL PILAR,LA GUAJIRA,10.511862,-73.072638,NODO_15,LA PAZ,CALE.n_1,24.55,euclidiana
44430,MAICAO,LA GUAJIRA,11.378535,-72.242738,SAT_080,URIBIA,CALE.C3,52.02,euclidiana
44560,MANAURE,LA GUAJIRA,11.773767,-72.438739,SAT_080,URIBIA,CALE.C3,28.05,euclidiana
44650,SAN JUAN DEL CESAR,LA GUAJIRA,10.769546,-73.000629,SAT_129,SAN JUAN DEL CESAR,CALE.C4,0.0,nodo_propio
44847,URIBIA,LA GUAJIRA,11.711904,-72.265906,SAT_080,URIBIA,CALE.C3,0.0,nodo_propio
44855,URUMITA,LA GUAJIRA,10.560169,-73.012507,SAT_129,SAN JUAN DEL CESAR,CALE.C4,32.64,euclidiana
44874,VILLANUEVA,LA GUAJIRA,10.608774,-72.977583,SAT_129,SAN JUAN DEL CESAR,CALE.C4,25.27,euclidiana
47001,SANTA MARTA,MAGDALENA,11.204679,-74.199829,NODO_18,SANTA MARTA,CALE.n_1,0.0,nodo_propio
47030,ALGARROBO,MAGDALENA,10.188059,-74.061132,SAT_051,ASTREA,CALE.C3,59.51,euclidiana
47053,ARACATACA,MAGDALENA,10.589791,-74.186702,SAT_089,ARACATACA,CALE.C3,0.0,nodo_propio
47058,ARIGUANÍ,MAGDALENA,9.847047,-74.236515,SAT_051,ASTREA,CALE.C3,0.0,euclidiana
47161,CERRO DE SAN ANTONIO,MAGDALENA,10.325531,-74.868474,SAT_022,SANTA LUCÃA,CALE.C2,13.9,euclidiana
47170,CHIVOLO,MAGDALENA,10.026631,-74.622242,SAT_047,TENERIFE,CALE.C3,41.54,euclidiana
47189,CIÉNAGA,MAGDALENA,11.006654,-74.241286,NODO_18,SANTA MARTA,CALE.n_1,31.47,euclidiana
47205,CONCORDIA,MAGDALENA,10.257314,-74.83303,SAT_022,SANTA LUCÃA,CALE.C2,21.96,euclidiana
47245,EL BANCO,MAGDALENA,9.008503,-73.97437,SAT_004,SAN MARTÃN DE LOBA,CALE.C3,14.88,euclidiana
47258,EL PIÑÓN,MAGDALENA,10.402781,-74.823094,SAT_014,SALAMINA,CALE.C3,14.46,euclidiana
47268,EL RETÉN,MAGDALENA,10.610488,-74.268444,SAT_089,ARACATACA,CALE.C3,12.92,euclidiana
47288,FUNDACIÓN,MAGDALENA,10.514146,-74.191453,SAT_089,ARACATACA,CALE.C3,11.8,euclidiana
47318,GUAMAL,MAGDALENA,9.144354,-74.223689,SAT_049,GUAMAL,CALE.C2,0.0,nodo_propio
47460,NUEVA GRANADA,MAGDALENA,9.80186,-74.391841,SAT_051,ASTREA,CALE.C3,24.84,euclidiana
47541,PEDRAZA,MAGDALENA,10.18825,-74.9154,SAT_022,SANTA LUCÃA,CALE.C2,22.22,euclidiana
47545,PIJIÑO DEL CARMEN,MAGDALENA,9.331922,-74.459034,SAT_049,GUAMAL,CALE.C2,46.48,euclidiana
47551,PIVIJAY,MAGDALENA,10.460707,-74.613312,SAT_014,SALAMINA,CALE.C3,28.09,euclidiana
47555,PLATO,MAGDALENA,9.796713,-74.784549,SAT_047,TENERIFE,CALE.C3,19.57,euclidiana
47570,PUEBLOVIEJO,MAGDALENA,10.994766,-74.28253,NODO_18,SANTA MARTA,CALE.n_1,35.03,euclidiana
47605,REMOLINO,MAGDALENA,10.701952,-74.716172,SAT_014,SALAMINA,CALE.C3,34.91,euclidiana
47660,SABANAS DE SAN ÁNGEL,MAGDALENA,10.032536,-74.213946,SAT_051,ASTREA,CALE.C3,29.08,euclidiana
47675,SALAMINA,MAGDALENA,10.491229,-74.794189,SAT_014,SALAMINA,CALE.C3,0.0,nodo_propio
47692,SAN SEBASTIÁN DE BUENAVISTA,MAGDALENA,9.241656,-74.351498,SAT_049,GUAMAL,CALE.C2,24.8,euclidiana
47703,SAN ZENÓN,MAGDALENA,9.245061,-74.498992,NODO_54,MAGANGUÃ,CALE.n_3,41.24,euclidiana
47707,SANTA ANA,MAGDALENA,9.324294,-74.566845,NODO_54,MAGANGUÃ,CALE.n_3,32.12,euclidiana
47720,SANTA BÁRBARA DE PINTO,MAGDALENA,9.432263,-74.704667,NODO_54,MAGANGUÃ,CALE.n_3,27.9,euclidiana
47745,SITIONUEVO,MAGDALENA,10.775285,-74.720021,NODO_11,BARRANQUILLA,CALE.n_1,34.77,euclidiana
47798,TENERIFE,MAGDALENA,9.898273,-74.859783,SAT_047,TENERIFE,CALE.C3,0.0,nodo_propio
47960,ZAPAYÁN,MAGDALENA,10.168297,-74.716878,SAT_022,SANTA LUCÃA,CALE.C2,44.36,euclidiana
47980,ZONA BANANERA,MAGDALENA,10.763024,-74.140091,SAT_089,ARACATACA,CALE.C3,27.89,euclidiana
50001,VILLAVICENCIO,META,4.126369,-73.622601,NODO_23,VILLAVICENCIO,CALE.n_2,0.0,nodo_propio
50006,ACACÍAS,META,3.990413,-73.766034,NODO_23,VILLAVICENCIO,CALE.n_2,30.72,euclidiana
50110,BARRANCA DE UPÍA,META,4.566225,-72.961083,SAT_126,CABUYARO,CALE.C3,50.83,euclidiana
50124,CABUYARO,META,4.286705,-72.791768,SAT_126,CABUYARO,CALE.C3,0.0,nodo_propio
50150,CASTILLA LA NUEVA,META,3.830005,-73.687302,SAT_125,EL CASTILLO,CALE.C2,44.63,euclidiana
50223,CUBARRAL,META,3.793653,-73.837999,SAT_125,EL CASTILLO,CALE.C2,36.41,euclidiana
50226,CUMARAL,META,4.270042,-73.487052,NODO_23,VILLAVICENCIO,CALE.n_2,30.71,euclidiana
50245,EL CALVARIO,META,4.352665,-73.713325,SAT_016,FOSCA,CALE.C5,35.1,euclidiana
50251,EL CASTILLO,META,3.563907,-73.794225,SAT_125,EL CASTILLO,CALE.C2,0.0,nodo_propio
50270,EL DORADO,META,3.739984,-73.835264,SAT_125,EL CASTILLO,CALE.C2,28.14,euclidiana
50287,FUENTE DE ORO,META,3.462875,-73.618121,SAT_128,FUENTE DE ORO,CALE.C3,0.0,nodo_propio
50313,GRANADA,META,3.547147,-73.705815,SAT_125,EL CASTILLO,CALE.C2,13.98,euclidiana
50318,GUAMAL,META,3.879657,-73.768815,NODO_23,VILLAVICENCIO,CALE.n_2,44.62,euclidiana
50325,MAPIRIPÁN,META,2.896617,-72.135509,NODO_46,SAN JOSÃ DEL GUAVIARE,CALE.n_3,93.73,euclidiana
50330,MESETAS,META,3.382732,-74.044328,SAT_125,EL CASTILLO,CALE.C2,48.02,euclidiana
50350,LA MACARENA,META,2.177143,-73.78661,SAT_060,SAN VICENTE DEL CAGUÃN,CALE.C5,152.92,euclidiana
50370,URIBE,META,3.239634,-74.351508,SAT_059,COLOMBIA,CALE.C3,73.32,euclidiana
50400,LEJANÍAS,META,3.525115,-74.023514,SAT_125,EL CASTILLO,CALE.C2,36.13,euclidiana
50450,PUERTO CONCORDIA,META,2.624006,-72.760209,NODO_46,SAN JOSÃ DEL GUAVIARE,CALE.n_3,20.87,euclidiana
50568,PUERTO GAITÁN,META,4.314905,-72.087649,SAT_131,PUERTO GAITÃN,CALE.C4,0.0,euclidiana
50573,PUERTO LÓPEZ,META,4.09349,-72.957324,SAT_126,CABUYARO,CALE.C3,39.56,euclidiana
50577,PUERTO LLERAS,META,3.272117,-73.37385,SAT_128,FUENTE DE ORO,CALE.C3,48.2,euclidiana
50590,PUERTO RICO,META,2.939621,-73.206314,SAT_128,FUENTE DE ORO,CALE.C3,103.6,euclidiana
50606,RESTREPO,META,4.259556,-73.565408,NODO_23,VILLAVICENCIO,CALE.n_2,22.56,euclidiana
50680,SAN CARLOS DE GUAROA,META,3.71065,-73.242253,SAT_128,FUENTE DE ORO,CALE.C3,69.99,euclidiana
50683,SAN JUAN DE ARAMA,META,3.373728,-73.875832,SAT_125,EL CASTILLO,CALE.C2,32.21,euclidiana
50686,SAN JUANITO,META,4.458181,-73.676699,SAT_016,FOSCA,CALE.C5,44.74,euclidiana
50689,SAN MARTÍN,META,3.701899,-73.695812,SAT_125,EL CASTILLO,CALE.C2,26.37,euclidiana
50711,VISTAHERMOSA,META,3.125579,-73.750966,SAT_128,FUENTE DE ORO,CALE.C3,56.42,euclidiana
52001,PASTO,NARIÑO,1.212352,-77.278795,NODO_06,PASTO,CALE.n_1,0.0,nodo_propio
52019,ALBÁN,NARIÑO,1.474978,-77.080712,SAT_072,LA CRUZ,CALE.C3,21.03,euclidiana
52022,ALDANA,NARIÑO,0.882381,-77.700564,NODO_50,IPIALES,CALE.n_3,11.98,euclidiana
52036,ANCUYA,NARIÑO,1.263276,-77.514512,SAT_071,LOS ANDES,CALE.C3,36.02,euclidiana
52051,ARBOLEDA,NARIÑO,1.503418,-77.135467,SAT_072,LA CRUZ,CALE.C3,15.08,euclidiana
52079,BARBACOAS,NARIÑO,1.671733,-78.13765,SAT_083,LA ARGENTINA,CALE.C3,16.23,euclidiana
52083,BELÉN,NARIÑO,1.595681,-77.015619,SAT_073,SAN PABLO,CALE.C2,11.48,euclidiana
52110,BUESACO,NARIÑO,1.381453,-77.156463,NODO_06,PASTO,CALE.n_1,32.49,euclidiana
52203,COLÓN,NARIÑO,1.643878,-77.019777,SAT_073,SAN PABLO,CALE.C2,4.08,euclidiana
52207,CONSACÁ,NARIÑO,1.207854,-77.466136,NODO_06,PASTO,CALE.n_1,29.17,euclidiana
52210,CONTADERO,NARIÑO,0.910458,-77.549409,NODO_50,IPIALES,CALE.n_3,19.84,euclidiana
52215,CÓRDOBA,NARIÑO,0.854564,-77.517897,NODO_50,IPIALES,CALE.n_3,20.43,euclidiana
52224,CUASPUD CARLOSAMA,NARIÑO,0.862978,-77.728947,NODO_50,IPIALES,CALE.n_3,13.98,euclidiana
52227,CUMBAL,NARIÑO,0.906367,-77.792505,NODO_50,IPIALES,CALE.n_3,25.83,euclidiana
52233,CUMBITARA,NARIÑO,1.647163,-77.578616,SAT_071,LOS ANDES,CALE.C3,25.37,euclidiana
52240,CHACHAGÜÍ,NARIÑO,1.360545,-77.281869,NODO_06,PASTO,CALE.n_1,23.07,euclidiana
52250,EL CHARCO,NARIÑO,2.479688,-78.110217,SAT_082,EL CHARCO,CALE.C2,0.0,euclidiana
52254,EL PEÑOL,NARIÑO,1.453567,-77.438522,SAT_071,LOS ANDES,CALE.C3,14.38,euclidiana
52256,EL ROSARIO,NARIÑO,1.745309,-77.33417,SAT_070,EL ROSARIO,CALE.C3,0.0,euclidiana
52258,EL TABLÓN DE GÓMEZ,NARIÑO,1.427277,-77.097101,SAT_072,LA CRUZ,CALE.C3,27.44,euclidiana
52260,EL TAMBO,NARIÑO,1.407913,-77.390772,SAT_071,LOS ANDES,CALE.C3,24.39,euclidiana
52287,FUNES,NARIÑO,1.001159,-77.448913,NODO_50,IPIALES,CALE.n_3,40.91,euclidiana
52317,GUACHUCAL,NARIÑO,0.959744,-77.731589,NODO_50,IPIALES,CALE.n_3,24.46,euclidiana
52320,GUAITARILLA,NARIÑO,1.129574,-77.549824,NODO_06,PASTO,CALE.n_1,44.11,euclidiana
52323,GUALMATÁN,NARIÑO,0.919652,-77.568701,NODO_50,IPIALES,CALE.n_3,18.73,euclidiana
52352,ILES,NARIÑO,0.96952,-77.521227,NODO_50,IPIALES,CALE.n_3,29.44,euclidiana
52354,IMUÉS,NARIÑO,1.05506,-77.496339,NODO_06,PASTO,CALE.n_1,41.79,euclidiana
52356,IPIALES,NARIÑO,0.827732,-77.646367,NODO_50,IPIALES,CALE.n_3,0.0,nodo_propio
52378,LA CRUZ,NARIÑO,1.601318,-76.970504,SAT_073,SAN PABLO,CALE.C2,12.58,euclidiana
52381,LA FLORIDA,NARIÑO,1.29753,-77.402882,NODO_06,PASTO,CALE.n_1,23.43,euclidiana
52385,LA LLANADA,NARIÑO,1.472892,-77.58091,SAT_071,LOS ANDES,CALE.C3,9.87,euclidiana
52390,LA TOLA,NARIÑO,2.398999,-78.189725,SAT_082,EL CHARCO,CALE.C2,17.63,euclidiana
52399,LA UNIÓN,NARIÑO,1.600219,-77.131316,SAT_072,LA CRUZ,CALE.C3,0.0,euclidiana
52405,LEIVA,NARIÑO,1.934453,-77.306135,SAT_070,EL ROSARIO,CALE.C3,29.77,euclidiana
52411,LINARES,NARIÑO,1.350814,-77.523953,SAT_071,LOS ANDES,CALE.C3,22.39,euclidiana
52418,LOS ANDES,NARIÑO,1.494587,-77.521303,SAT_071,LOS ANDES,CALE.C3,0.0,euclidiana
52427,MAGÜÍ,NARIÑO,1.765633,-78.182924,SAT_083,LA ARGENTINA,CALE.C3,0.0,euclidiana
52435,MALLAMA,NARIÑO,1.141037,-77.864549,SAT_034,MALLAMA,CALE.C3,0.0,nodo_propio
52473,MOSQUERA,NARIÑO,2.507139,-78.452992,SAT_082,EL CHARCO,CALE.C2,53.48,euclidiana
52480,NARIÑO,NARIÑO,1.288979,-77.357972,NODO_06,PASTO,CALE.n_1,17.15,euclidiana
52490,OLAYA HERRERA,NARIÑO,2.347457,-78.325814,SAT_082,EL CHARCO,CALE.C2,39.35,euclidiana
52506,OSPINA,NARIÑO,1.058433,-77.566082,NODO_50,IPIALES,CALE.n_3,38.03,euclidiana
52520,FRANCISCO PIZARRO,NARIÑO,2.040629,-78.658361,NODO_51,SAN ANDRÃS DE TUMACO,CALE.n_3,39.86,euclidiana
52540,POLICARPA,NARIÑO,1.627196,-77.458686,SAT_071,LOS ANDES,CALE.C3,22.83,euclidiana
52560,POTOSÍ,NARIÑO,0.806639,-77.573003,NODO_50,IPIALES,CALE.n_3,11.88,euclidiana
52565,PROVIDENCIA,NARIÑO,1.237814,-77.596794,SAT_071,LOS ANDES,CALE.C3,41.66,euclidiana
52573,PUERRES,NARIÑO,0.885125,-77.504211,NODO_50,IPIALES,CALE.n_3,23.86,euclidiana
52585,PUPIALES,NARIÑO,0.870442,-77.636042,NODO_50,IPIALES,CALE.n_3,6.84,euclidiana
52612,RICAURTE,NARIÑO,1.212492,-77.995153,SAT_034,MALLAMA,CALE.C3,23.17,euclidiana
52621,ROBERTO PAYÁN,NARIÑO,1.697492,-78.245716,SAT_083,LA ARGENTINA,CALE.C3,14.42,euclidiana
52678,SAMANIEGO,NARIÑO,1.335438,-77.594341,SAT_071,LOS ANDES,CALE.C3,27.26,euclidiana
52683,SANDONÁ,NARIÑO,1.283438,-77.47313,NODO_06,PASTO,CALE.n_1,32.21,euclidiana
52685,SAN BERNARDO,NARIÑO,1.513762,-77.0475,SAT_072,LA CRUZ,CALE.C3,18.74,euclidiana
52687,SAN LORENZO,NARIÑO,1.503362,-77.21542,SAT_072,LA CRUZ,CALE.C3,19.97,euclidiana
52693,SAN PABLO,NARIÑO,1.669429,-77.013984,SAT_073,SAN PABLO,CALE.C2,0.0,euclidiana
52694,SAN PEDRO DE CARTAGO,NARIÑO,1.551572,-77.11941,SAT_072,LA CRUZ,CALE.C3,7.8,euclidiana
52696,SANTA BÁRBARA,NARIÑO,2.449653,-77.979916,SAT_082,EL CHARCO,CALE.C2,20.8,euclidiana
52699,SANTACRUZ,NARIÑO,1.222589,-77.677035,SAT_034,MALLAMA,CALE.C3,31.83,euclidiana
52720,SAPUYES,NARIÑO,1.037536,-77.62028,NODO_50,IPIALES,CALE.n_3,32.91,euclidiana
52786,TAMINANGO,NARIÑO,1.570358,-77.2808,SAT_072,LA CRUZ,CALE.C3,23.72,euclidiana
52788,TANGUA,NARIÑO,1.09482,-77.393735,NODO_06,PASTO,CALE.n_1,25.59,euclidiana
52835,SAN ANDRÉS DE TUMACO,NARIÑO,1.807399,-78.764073,NODO_51,SAN ANDRÃS DE TUMACO,CALE.n_3,0.0,euclidiana
52838,TÚQUERRES,NARIÑO,1.085044,-77.61672,SAT_034,MALLAMA,CALE.C3,39.55,euclidiana
52885,YACUANQUER,NARIÑO,1.115937,-77.400169,NODO_06,PASTO,CALE.n_1,24.13,euclidiana
54001,SAN JOSÉ DE CÚCUTA,NORTE DE SANTANDER,7.905725,-72.508178,NODO_09,SAN JOSÃ DE CÃCUTA,CALE.n_1,0.0,euclidiana
54003,ÁBREGO,NORTE DE SANTANDER,8.081616,-73.221722,NODO_52,OCAÃA,CALE.n_3,33.23,euclidiana
54051,ARBOLEDAS,NORTE DE SANTANDER,7.642985,-72.798952,SAT_084,PAMPLONITA,CALE.C3,40.49,euclidiana
54099,BOCHALEMA,NORTE DE SANTANDER,7.612192,-72.64701,SAT_084,PAMPLONITA,CALE.C3,27.34,euclidiana
54109,BUCARASICA,NORTE DE SANTANDER,8.041299,-72.868231,SAT_085,BUCARASICA,CALE.C3,0.0,nodo_propio
54125,CÁCOTA,NORTE DE SANTANDER,7.268705,-72.642059,SAT_097,CÃCOTA,CALE.C3,0.0,euclidiana
54128,CÁCHIRA,NORTE DE SANTANDER,7.741248,-73.048983,SAT_085,BUCARASICA,CALE.C3,54.39,euclidiana
54172,CHINÁCOTA,NORTE DE SANTANDER,7.603112,-72.601162,SAT_084,PAMPLONITA,CALE.C3,26.55,euclidiana
54174,CHITAGÁ,NORTE DE SANTANDER,7.138187,-72.665468,SAT_097,CÃCOTA,CALE.C3,20.64,euclidiana
54206,CONVENCIÓN,NORTE DE SANTANDER,8.470374,-73.3372,NODO_52,OCAÃA,CALE.n_3,34.65,euclidiana
54223,CUCUTILLA,NORTE DE SANTANDER,7.539633,-72.772816,SAT_084,PAMPLONITA,CALE.C3,26.12,euclidiana
54239,DURANIA,NORTE DE SANTANDER,7.714804,-72.658491,NODO_09,SAN JOSÃ DE CÃCUTA,CALE.n_1,37.69,euclidiana
54245,EL CARMEN,NORTE DE SANTANDER,8.510579,-73.446687,NODO_40,AGUACHICA,CALE.n_2,40.87,euclidiana
54250,EL TARRA,NORTE DE SANTANDER,8.574281,-73.09614,SAT_062,EL TARRA,CALE.C4,0.0,nodo_propio
54261,EL ZULIA,NORTE DE SANTANDER,7.938572,-72.604717,NODO_09,SAN JOSÃ DE CÃCUTA,CALE.n_1,15.74,euclidiana
54313,GRAMALOTE,NORTE DE SANTANDER,7.916946,-72.787233,SAT_085,BUCARASICA,CALE.C3,23.04,euclidiana
54344,HACARÍ,NORTE DE SANTANDER,8.321506,-73.145997,NODO_52,OCAÃA,CALE.n_3,34.3,euclidiana
54347,HERRÁN,NORTE DE SANTANDER,7.506541,-72.483519,SAT_084,PAMPLONITA,CALE.C3,26.36,euclidiana
54377,LABATECA,NORTE DE SANTANDER,7.298414,-72.495983,SAT_097,CÃCOTA,CALE.C3,23.03,euclidiana
54385,LA ESPERANZA,NORTE DE SANTANDER,7.639839,-73.328126,SAT_018,SABANA DE TORRES,CALE.C3,46.75,euclidiana
54398,LA PLAYA,NORTE DE SANTANDER,8.21124,-73.239986,NODO_52,OCAÃA,CALE.n_3,18.81,euclidiana
54405,LOS PATIOS,NORTE DE SANTANDER,7.833186,-72.505612,NODO_09,SAN JOSÃ DE CÃCUTA,CALE.n_1,11.3,euclidiana
54418,LOURDES,NORTE DE SANTANDER,7.945631,-72.832376,SAT_085,BUCARASICA,CALE.C3,15.89,euclidiana
54480,MUTISCUA,NORTE DE SANTANDER,7.300469,-72.747169,SAT_019,MUTISCUA,CALE.C3,0.0,nodo_propio
54498,OCAÑA,NORTE DE SANTANDER,8.248574,-73.35607,NODO_52,OCAÃA,CALE.n_3,0.0,euclidiana
54518,PAMPLONA,NORTE DE SANTANDER,7.372802,-72.647714,SAT_084,PAMPLONITA,CALE.C3,10.04,euclidiana
54520,PAMPLONITA,NORTE DE SANTANDER,7.436745,-72.639111,SAT_084,PAMPLONITA,CALE.C3,0.0,nodo_propio
54553,PUERTO SANTANDER,NORTE DE SANTANDER,8.359993,-72.411363,NODO_09,SAN JOSÃ DE CÃCUTA,CALE.n_1,72.27,euclidiana
54599,RAGONVALIA,NORTE DE SANTANDER,7.577861,-72.476708,SAT_084,PAMPLONITA,CALE.C3,33.33,euclidiana
54660,SALAZAR,NORTE DE SANTANDER,7.773683,-72.813064,SAT_085,BUCARASICA,CALE.C3,42.52,euclidiana
54670,SAN CALIXTO,NORTE DE SANTANDER,8.40214,-73.208622,SAT_062,EL TARRA,CALE.C4,31.91,euclidiana
54673,SAN CAYETANO,NORTE DE SANTANDER,7.875695,-72.625459,NODO_09,SAN JOSÃ DE CÃCUTA,CALE.n_1,18.68,euclidiana
54680,SANTIAGO,NORTE DE SANTANDER,7.865856,-72.716203,NODO_09,SAN JOSÃ DE CÃCUTA,CALE.n_1,32.67,euclidiana
54720,SARDINATA,NORTE DE SANTANDER,8.082105,-72.800577,SAT_085,BUCARASICA,CALE.C3,12.21,euclidiana
54743,SILOS,NORTE DE SANTANDER,7.204736,-72.757128,SAT_019,MUTISCUA,CALE.C3,14.98,euclidiana
54800,TEORAMA,NORTE DE SANTANDER,8.438134,-73.28707,NODO_52,OCAÃA,CALE.n_3,31.36,euclidiana
54810,TIBÚ,NORTE DE SANTANDER,8.639891,-72.734496,SAT_062,EL TARRA,CALE.C4,56.59,euclidiana
54820,TOLEDO,NORTE DE SANTANDER,7.307692,-72.481915,SAT_097,CÃCOTA,CALE.C3,25.46,euclidiana
54871,VILLA CARO,NORTE DE SANTANDER,7.914244,-72.973601,SAT_085,BUCARASICA,CALE.C3,25.59,euclidiana
54874,VILLA DEL ROSARIO,NORTE DE SANTANDER,7.847672,-72.469758,NODO_09,SAN JOSÃ DE CÃCUTA,CALE.n_1,10.81,euclidiana
63001,ARMENIA,QUINDÍO,4.53598,-75.680786,SAT_063,BUENAVISTA,CALE.C3,28.87,euclidiana
63111,BUENAVISTA,QUINDÍO,4.360029,-75.739572,SAT_063,BUENAVISTA,CALE.C3,0.0,euclidiana
63130,CALARCÁ,QUINDÍO,4.520982,-75.646085,SAT_063,BUENAVISTA,CALE.C3,28.95,euclidiana
63190,CIRCASIA,QUINDÍO,4.617759,-75.636533,NODO_12,PEREIRA,CALE.n_1,31.88,euclidiana
63212,CÓRDOBA,QUINDÍO,4.392485,-75.687866,SAT_063,BUENAVISTA,CALE.C3,9.48,euclidiana
63272,FILANDIA,QUINDÍO,4.674338,-75.658387,NODO_12,PEREIRA,CALE.n_1,22.45,euclidiana
63302,GÉNOVA,QUINDÍO,4.206641,-75.790402,SAT_063,BUENAVISTA,CALE.C3,25.15,euclidiana
63401,LA TEBAIDA,QUINDÍO,4.453755,-75.786887,SAT_063,BUENAVISTA,CALE.C3,16.33,euclidiana
63470,MONTENEGRO,QUINDÍO,4.565057,-75.749827,SAT_063,BUENAVISTA,CALE.C3,31.96,euclidiana
63548,PIJAO,QUINDÍO,4.335036,-75.703329,SAT_063,BUENAVISTA,CALE.C3,6.84,euclidiana
63594,QUIMBAYA,QUINDÍO,4.624387,-75.765074,NODO_12,PEREIRA,CALE.n_1,28.98,euclidiana
63690,SALENTO,QUINDÍO,4.637157,-75.570844,NODO_12,PEREIRA,CALE.n_1,34.87,euclidiana
66001,PEREIRA,RISARALDA,4.804985,-75.719711,NODO_12,PEREIRA,CALE.n_1,0.0,nodo_propio
66045,APÍA,RISARALDA,5.106526,-75.942356,SAT_065,APÃA,CALE.C3,0.0,euclidiana
66075,BALBOA,RISARALDA,4.949096,-75.958663,SAT_065,APÃA,CALE.C3,24.64,euclidiana
66088,BELÉN DE UMBRÍA,RISARALDA,5.200793,-75.868334,SAT_065,APÃA,CALE.C3,18.63,euclidiana
66170,DOSQUEBRADAS,RISARALDA,4.833131,-75.675371,NODO_12,PEREIRA,CALE.n_1,8.16,euclidiana
66318,GUÁTICA,RISARALDA,5.315367,-75.799005,SAT_040,GUÃTICA,CALE.C3,0.0,euclidiana
66383,LA CELIA,RISARALDA,5.002787,-76.0032,SAT_065,APÃA,CALE.C3,18.7,euclidiana
66400,LA VIRGINIA,RISARALDA,4.896624,-75.880394,NODO_12,PEREIRA,CALE.n_1,28.72,euclidiana
66440,MARSELLA,RISARALDA,4.935771,-75.73879,NODO_12,PEREIRA,CALE.n_1,20.57,euclidiana
66456,MISTRATÓ,RISARALDA,5.297039,-75.882886,SAT_040,GUÃTICA,CALE.C3,13.31,euclidiana
66572,PUEBLO RICO,RISARALDA,5.222043,-76.030801,SAT_065,APÃA,CALE.C3,22.61,euclidiana
66594,QUINCHÍA,RISARALDA,5.340456,-75.730431,SAT_040,GUÃTICA,CALE.C3,11.32,euclidiana
66682,SANTA ROSA DE CABAL,RISARALDA,4.876271,-75.623268,NODO_12,PEREIRA,CALE.n_1,18.63,euclidiana
66687,SANTUARIO,RISARALDA,5.074911,-75.964628,SAT_065,APÃA,CALE.C3,6.01,euclidiana
68001,BUCARAMANGA,SANTANDER,7.11647,-73.132562,NODO_03,BUCARAMANGA,CALE.n_1,0.0,nodo_propio
68013,AGUADA,SANTANDER,6.162355,-73.523132,SAT_115,EL GUACAMAYO,CALE.C2,13.51,euclidiana
68020,ALBANIA,SANTANDER,5.759166,-73.91336,SAT_108,BRICEÃO,CALE.C3,10.74,euclidiana
68051,ARATOCA,SANTANDER,6.694418,-73.01786,NODO_41,SAN MIGUEL,CALE.n_3,31.86,euclidiana
68077,BARBOSA,SANTANDER,5.932531,-73.615965,SAT_121,BARBOSA,CALE.C3,0.0,nodo_propio
68079,BARICHARA,SANTANDER,6.634111,-73.223047,SAT_100,CABRERA,CALE.C2,7.47,euclidiana
68081,BARRANCABERMEJA,SANTANDER,7.064857,-73.849243,NODO_19,BARRANCABERMEJA,CALE.n_1,0.0,nodo_propio
68092,BETULIA,SANTANDER,6.899525,-73.283669,NODO_03,BUCARAMANGA,CALE.n_1,41.06,euclidiana
68101,BOLÍVAR,SANTANDER,5.988953,-73.771346,SAT_119,BOLÃVAR,CALE.C2,0.0,euclidiana
68121,CABRERA,SANTANDER,6.592118,-73.246475,SAT_100,CABRERA,CALE.C2,0.0,nodo_propio
68132,CALIFORNIA,SANTANDER,7.347989,-72.946491,SAT_019,MUTISCUA,CALE.C3,31.65,euclidiana
68147,CAPITANEJO,SANTANDER,6.527394,-72.695427,SAT_101,SAN ANDRÃS,CALE.C3,30.84,euclidiana
68152,CARCASÍ,SANTANDER,6.629016,-72.627099,SAT_094,EL ESPINO,CALE.C2,30.35,euclidiana
68160,CEPITÁ,SANTANDER,6.753518,-72.973536,NODO_41,SAN MIGUEL,CALE.n_3,21.28,euclidiana
68162,CERRITO,SANTANDER,6.840405,-72.694851,NODO_41,SAN MIGUEL,CALE.n_3,24.23,euclidiana
68167,CHARALÁ,SANTANDER,6.284339,-73.146873,SAT_102,OCAMONTE,CALE.C3,9.44,euclidiana
68169,CHARTA,SANTANDER,7.28082,-72.968798,SAT_019,MUTISCUA,CALE.C3,34.36,euclidiana
68176,CHIMA,SANTANDER,6.344348,-73.373656,SAT_095,CONFINES,CALE.C2,20.69,euclidiana
68179,CHIPATÁ,SANTANDER,6.062521,-73.637111,SAT_121,BARBOSA,CALE.C3,20.5,euclidiana
68190,CIMITARRA,SANTANDER,6.320886,-73.953011,SAT_122,LANDÃZURI,CALE.C5,27.07,euclidiana
68207,CONCEPCIÓN,SANTANDER,6.768908,-72.694567,NODO_41,SAN MIGUEL,CALE.n_3,24.76,euclidiana
68209,CONFINES,SANTANDER,6.357327,-73.240554,SAT_095,CONFINES,CALE.C2,0.0,nodo_propio
68211,CONTRATACIÓN,SANTANDER,6.290561,-73.474426,SAT_115,EL GUACAMAYO,CALE.C2,7.88,euclidiana
68217,COROMORO,SANTANDER,6.294999,-73.040816,SAT_102,OCAMONTE,CALE.C3,14.46,euclidiana
68229,CURITÍ,SANTANDER,6.605099,-73.069383,SAT_100,CABRERA,CALE.C2,27.46,euclidiana
68235,EL CARMEN DE CHUCURÍ,SANTANDER,6.700038,-73.51066,SAT_100,CABRERA,CALE.C2,44.17,euclidiana
68245,EL GUACAMAYO,SANTANDER,6.245111,-73.496908,SAT_115,EL GUACAMAYO,CALE.C2,0.0,nodo_propio
68250,EL PEÑÓN,SANTANDER,6.05537,-73.815532,SAT_119,BOLÃVAR,CALE.C2,12.4,euclidiana
68255,EL PLAYÓN,SANTANDER,7.470715,-73.20287,SAT_018,SABANA DE TORRES,CALE.C3,47.34,euclidiana
68264,ENCINO,SANTANDER,6.137429,-73.098749,SAT_123,ENCINO,CALE.C5,0.0,nodo_propio
68266,ENCISO,SANTANDER,6.668034,-72.699647,NODO_41,SAN MIGUEL,CALE.n_3,32.11,euclidiana
68271,FLORIÁN,SANTANDER,5.804659,-73.97143,SAT_114,FLORIÃN,CALE.C3,0.0,euclidiana
68276,FLORIDABLANCA,SANTANDER,7.072329,-73.099104,NODO_03,BUCARAMANGA,CALE.n_1,8.6,euclidiana
68296,GALÁN,SANTANDER,6.638423,-73.287769,SAT_100,CABRERA,CALE.C2,9.63,euclidiana
68298,GÁMBITA,SANTANDER,5.945998,-73.344185,SAT_110,SANTANA,CALE.C2,27.4,euclidiana
68307,GIRÓN,SANTANDER,7.070432,-73.166832,NODO_03,BUCARAMANGA,CALE.n_1,8.91,euclidiana
68318,GUACA,SANTANDER,6.876563,-72.856322,NODO_41,SAN MIGUEL,CALE.n_3,10.19,euclidiana
68320,GUADALUPE,SANTANDER,6.245847,-73.419292,SAT_115,EL GUACAMAYO,CALE.C2,12.01,euclidiana
68322,GUAPOTÁ,SANTANDER,6.308635,-73.320732,SAT_095,CONFINES,CALE.C2,14.54,euclidiana
68324,GUAVATÁ,SANTANDER,5.954348,-73.700906,SAT_119,BOLÃVAR,CALE.C2,12.16,euclidiana
68327,GÜEPSA,SANTANDER,6.025013,-73.575146,SAT_110,SANTANA,CALE.C2,15.3,euclidiana
68344,HATO,SANTANDER,6.543957,-73.308399,SAT_100,CABRERA,CALE.C2,12.16,euclidiana
68368,JESÚS MARÍA,SANTANDER,5.876497,-73.783396,SAT_119,BOLÃVAR,CALE.C2,17.61,euclidiana
68370,JORDÁN,SANTANDER,6.732727,-73.096053,SAT_100,CABRERA,CALE.C2,31.94,euclidiana
68377,LA BELLEZA,SANTANDER,5.85925,-73.965494,SAT_114,FLORIÃN,CALE.C3,8.55,euclidiana
68385,LANDÁZURI,SANTANDER,6.218812,-73.811359,SAT_122,LANDÃZURI,CALE.C5,0.0,euclidiana
68397,LA PAZ,SANTANDER,6.178509,-73.58959,SAT_115,EL GUACAMAYO,CALE.C2,17.7,euclidiana
68406,LEBRIJA,SANTANDER,7.113351,-73.219524,NODO_03,BUCARAMANGA,CALE.n_1,13.44,euclidiana
68418,LOS SANTOS,SANTANDER,6.755203,-73.102739,SAT_100,CABRERA,CALE.C2,33.74,euclidiana
68425,MACARAVITA,SANTANDER,6.50658,-72.593105,SAT_094,EL ESPINO,CALE.C2,15.31,euclidiana
68432,MÁLAGA,SANTANDER,6.703081,-72.732089,NODO_41,SAN MIGUEL,CALE.n_3,24.71,euclidiana
68444,MATANZA,SANTANDER,7.323175,-73.015566,NODO_03,BUCARAMANGA,CALE.n_1,36.9,euclidiana
68464,MOGOTES,SANTANDER,6.475246,-72.969807,SAT_101,SAN ANDRÃS,CALE.C3,17.46,euclidiana
68468,MOLAGAVITA,SANTANDER,6.67432,-72.809175,NODO_41,SAN MIGUEL,CALE.n_3,22.22,euclidiana
68498,OCAMONTE,SANTANDER,6.339988,-73.122563,SAT_102,OCAMONTE,CALE.C3,0.0,nodo_propio
68500,OIBA,SANTANDER,6.26521,-73.299791,SAT_095,CONFINES,CALE.C2,17.02,euclidiana
68502,ONZAGA,SANTANDER,6.344104,-72.816766,SAT_101,SAN ANDRÃS,CALE.C3,15.19,euclidiana
68522,PALMAR,SANTANDER,6.537789,-73.29109,SAT_100,CABRERA,CALE.C2,10.92,euclidiana
68524,PALMAS DEL SOCORRO,SANTANDER,6.406139,-73.287764,SAT_095,CONFINES,CALE.C2,10.54,euclidiana
68533,PÁRAMO,SANTANDER,6.416811,-73.17022,SAT_102,OCAMONTE,CALE.C3,14.05,euclidiana
68547,PIEDECUESTA,SANTANDER,6.997245,-73.054795,NODO_03,BUCARAMANGA,CALE.n_1,22.11,euclidiana
68549,PINCHOTE,SANTANDER,6.531552,-73.174209,SAT_100,CABRERA,CALE.C2,14.62,euclidiana
68572,PUENTE NACIONAL,SANTANDER,5.878381,-73.677567,SAT_121,BARBOSA,CALE.C3,12.73,euclidiana
68573,PUERTO PARRA,SANTANDER,6.650785,-74.056129,SAT_013,PUERTO PARRA,CALE.C3,0.0,nodo_propio
68575,PUERTO WILCHES,SANTANDER,7.344057,-73.899909,NODO_19,BARRANCABERMEJA,CALE.n_1,44.16,euclidiana
68615,RIONEGRO,SANTANDER,7.265014,-73.150177,NODO_03,BUCARAMANGA,CALE.n_1,23.28,euclidiana
68655,SABANA DE TORRES,SANTANDER,7.391919,-73.49906,SAT_018,SABANA DE TORRES,CALE.C3,0.0,nodo_propio
68669,SAN ANDRÉS,SANTANDER,6.811511,-72.848864,NODO_41,SAN MIGUEL,CALE.n_3,0.0,euclidiana
68673,SAN BENITO,SANTANDER,6.126656,-73.50907,SAT_110,SANTANA,CALE.C2,11.66,euclidiana
68679,SAN GIL,SANTANDER,6.551952,-73.134776,SAT_100,CABRERA,CALE.C2,18.37,euclidiana
68682,SAN JOAQUÍN,SANTANDER,6.427548,-72.867638,SAT_101,SAN ANDRÃS,CALE.C3,0.0,euclidiana
68684,SAN JOSÉ DE MIRANDA,SANTANDER,6.658995,-72.733616,NODO_41,SAN MIGUEL,CALE.n_3,29.68,euclidiana
68686,SAN MIGUEL,SANTANDER,6.575315,-72.644123,NODO_41,SAN MIGUEL,CALE.n_3,0.0,nodo_propio
68689,SAN VICENTE DE CHUCURÍ,SANTANDER,6.880383,-73.411024,SAT_100,CABRERA,CALE.C2,51.58,euclidiana
68705,SANTA BÁRBARA,SANTANDER,6.990996,-72.907445,NODO_41,SAN MIGUEL,CALE.n_3,29.37,euclidiana
68720,SANTA HELENA DEL OPÓN,SANTANDER,6.339565,-73.616716,SAT_115,EL GUACAMAYO,CALE.C2,23.66,euclidiana
68745,SIMACOTA,SANTANDER,6.443469,-73.337368,SAT_095,CONFINES,CALE.C2,20.1,euclidiana
68755,SOCORRO,SANTANDER,6.46387,-73.261198,SAT_095,CONFINES,CALE.C2,16.89,euclidiana
68770,SUAITA,SANTANDER,6.101329,-73.44165,SAT_110,SANTANA,CALE.C2,9.29,euclidiana
68773,SUCRE,SANTANDER,5.918743,-73.790975,SAT_119,BOLÃVAR,CALE.C2,11.34,euclidiana
68780,SURATÁ,SANTANDER,7.36658,-72.984232,SAT_019,MUTISCUA,CALE.C3,38.02,euclidiana
68820,TONA,SANTANDER,7.201417,-72.967023,NODO_03,BUCARAMANGA,CALE.n_1,28.79,euclidiana
68855,VALLE DE SAN JOSÉ,SANTANDER,6.448028,-73.143507,SAT_102,OCAMONTE,CALE.C3,17.13,euclidiana
68861,VÉLEZ,SANTANDER,6.009275,-73.672447,SAT_121,BARBOSA,CALE.C3,14.81,euclidiana
68867,VETAS,SANTANDER,7.30981,-72.871041,SAT_019,MUTISCUA,CALE.C3,19.18,euclidiana
68872,VILLANUEVA,SANTANDER,6.670078,-73.174307,SAT_100,CABRERA,CALE.C2,16.49,euclidiana
68895,ZAPATOCA,SANTANDER,6.814387,-73.268034,SAT_100,CABRERA,CALE.C2,34.76,euclidiana
70001,SINCELEJO,SUCRE,9.302322,-75.395445,NODO_39,SINCELEJO,CALE.n_2,0.0,nodo_propio
70110,BUENAVISTA,SUCRE,9.319794,-74.972827,NODO_54,MAGANGUÃ,CALE.n_3,32.84,euclidiana
70124,CAIMITO,SUCRE,8.789324,-75.117141,SAT_048,SAN BENITO ABAD,CALE.C4,25.6,euclidiana
70204,COLOSÓ,SUCRE,9.494192,-75.353256,NODO_39,SINCELEJO,CALE.n_2,30.56,euclidiana
70215,COROZAL,SUCRE,9.318749,-75.293048,NODO_39,SINCELEJO,CALE.n_2,15.94,euclidiana
70221,COVEÑAS,SUCRE,9.402779,-75.680158,NODO_39,SINCELEJO,CALE.n_2,46.44,euclidiana
70230,CHALÁN,SUCRE,9.545352,-75.312697,NODO_39,SINCELEJO,CALE.n_2,39.91,euclidiana
70233,EL ROBLE,SUCRE,9.100647,-75.198378,SAT_048,SAN BENITO ABAD,CALE.C4,36.96,euclidiana
70235,GALERAS,SUCRE,9.160379,-75.04959,SAT_048,SAN BENITO ABAD,CALE.C4,35.96,euclidiana
70265,GUARANDA,SUCRE,8.468556,-74.537749,SAT_050,SAN JACINTO DEL CAUCA,CALE.C3,44.03,euclidiana
70400,LA UNIÓN,SUCRE,8.853975,-75.276056,SAT_091,LA UNIÃN,CALE.C3,0.0,euclidiana
70418,LOS PALMITOS,SUCRE,9.380269,-75.268716,NODO_39,SINCELEJO,CALE.n_2,22.94,euclidiana
70429,MAJAGUAL,SUCRE,8.541163,-74.628077,SAT_050,SAN JACINTO DEL CAUCA,CALE.C3,47.3,euclidiana
70473,MORROA,SUCRE,9.331395,-75.305949,NODO_39,SINCELEJO,CALE.n_2,14.47,euclidiana
70508,OVEJAS,SUCRE,9.527176,-75.229037,NODO_39,SINCELEJO,CALE.n_2,43.34,euclidiana
70523,PALMITO,SUCRE,9.333157,-75.541264,NODO_39,SINCELEJO,CALE.n_2,22.91,euclidiana
70670,SAMPUÉS,SUCRE,9.183193,-75.380222,NODO_39,SINCELEJO,CALE.n_2,18.69,euclidiana
70678,SAN BENITO ABAD,SUCRE,8.930108,-75.031089,SAT_048,SAN BENITO ABAD,CALE.C4,0.0,nodo_propio
70702,SAN JUAN DE BETULIA,SUCRE,9.273066,-75.243565,NODO_39,SINCELEJO,CALE.n_2,23.77,euclidiana
70708,SAN MARCOS,SUCRE,8.661774,-75.133831,SAT_091,LA UNIÃN,CALE.C3,37.07,euclidiana
70713,SAN ONOFRE,SUCRE,9.736955,-75.522398,SAT_092,SAN ONOFRE,CALE.C3,0.0,nodo_propio
70717,SAN PEDRO,SUCRE,9.39625,-75.063647,NODO_54,MAGANGUÃ,CALE.n_3,50.05,euclidiana
70742,SAN LUIS DE SINCÉ,SUCRE,9.244308,-75.145999,NODO_39,SINCELEJO,CALE.n_2,39.37,euclidiana
70771,SUCRE,SUCRE,8.811737,-74.723175,SAT_048,SAN BENITO ABAD,CALE.C4,50.82,euclidiana
70820,SANTIAGO DE TOLÚ,SUCRE,9.525387,-75.581112,SAT_092,SAN ONOFRE,CALE.C3,34.15,euclidiana
70823,SAN JOSÉ DE TOLUVIEJO,SUCRE,9.451819,-75.44085,NODO_39,SINCELEJO,CALE.n_2,24.3,euclidiana
73001,IBAGUÉ,TOLIMA,4.432248,-75.19425,NODO_05,IBAGUÃ,CALE.n_1,0.0,euclidiana
73024,ALPUJARRA,TOLIMA,3.391548,-74.9329,SAT_059,COLOMBIA,CALE.C3,20.35,euclidiana
73026,ALVARADO,TOLIMA,4.567356,-74.953418,NODO_05,IBAGUÃ,CALE.n_1,42.89,euclidiana
73030,AMBALEMA,TOLIMA,4.782682,-74.764429,SAT_029,AMBALEMA,CALE.C3,0.0,nodo_propio
73043,ANZOÁTEGUI,TOLIMA,4.631756,-75.093772,NODO_05,IBAGUÃ,CALE.n_1,34.75,euclidiana
73055,ARMERO,TOLIMA,5.030744,-74.884438,SAT_042,FALAN,CALE.C3,17.88,euclidiana
73067,ATACO,TOLIMA,3.590591,-75.382545,SAT_061,RIOBLANCO,CALE.C3,41.72,euclidiana
73124,CAJAMARCA,TOLIMA,4.438812,-75.431971,NODO_05,IBAGUÃ,CALE.n_1,36.91,euclidiana
73148,CARMEN DE APICALÁ,TOLIMA,4.152334,-74.717633,NODO_28,GIRARDOT,CALE.n_2,27.97,euclidiana
73152,CASABIANCA,TOLIMA,5.078465,-75.120966,SAT_041,VILLAHERMOSA,CALE.C3,7.49,euclidiana
73168,CHAPARRAL,TOLIMA,3.722918,-75.480765,SAT_033,SAN ANTONIO,CALE.C3,29.77,euclidiana
73200,COELLO,TOLIMA,4.287276,-74.898464,NODO_28,GIRARDOT,CALE.n_2,16.07,euclidiana
73217,COYAIMA,TOLIMA,3.798036,-75.193862,SAT_033,SAN ANTONIO,CALE.C3,47.99,euclidiana
73226,CUNDAY,TOLIMA,4.059259,-74.692227,SAT_030,VILLARRICA,CALE.C2,23.8,euclidiana
73236,DOLORES,TOLIMA,3.539072,-74.896761,SAT_059,COLOMBIA,CALE.C3,29.18,euclidiana
73268,ESPINAL,TOLIMA,4.151314,-74.885446,NODO_28,GIRARDOT,CALE.n_2,28.59,euclidiana
73270,FALAN,TOLIMA,5.123104,-74.953007,SAT_042,FALAN,CALE.C3,0.0,nodo_propio
73275,FLANDES,TOLIMA,4.276373,-74.818763,NODO_28,GIRARDOT,CALE.n_2,6.54,euclidiana
73283,FRESNO,TOLIMA,5.153576,-75.035722,SAT_042,FALAN,CALE.C3,13.67,euclidiana
73319,GUAMO,TOLIMA,4.030992,-74.968135,NODO_28,GIRARDOT,CALE.n_2,51.23,euclidiana
73347,HERVEO,TOLIMA,5.080228,-75.177151,SAT_041,VILLAHERMOSA,CALE.C3,12.04,euclidiana
73349,HONDA,TOLIMA,5.211816,-74.75699,SAT_056,GUADUAS,CALE.C3,32.25,euclidiana
73352,ICONONZO,TOLIMA,4.176487,-74.531969,SAT_093,ARBELÃEZ,CALE.C4,23.53,euclidiana
73408,LÉRIDA,TOLIMA,4.862046,-74.910716,SAT_032,LÃRIDA,CALE.C4,0.0,euclidiana
73411,LÍBANO,TOLIMA,4.92042,-75.061959,SAT_041,VILLAHERMOSA,CALE.C3,19.19,euclidiana
73443,SAN SEBASTIÁN DE MARIQUITA,TOLIMA,5.199708,-74.889276,SAT_042,FALAN,CALE.C3,15.49,euclidiana
73449,MELGAR,TOLIMA,4.203655,-74.641317,NODO_28,GIRARDOT,CALE.n_2,29.72,euclidiana
73461,MURILLO,TOLIMA,4.874341,-75.171022,SAT_041,VILLAHERMOSA,CALE.C3,25.67,euclidiana
73483,NATAGAIMA,TOLIMA,3.624324,-75.093182,SAT_059,COLOMBIA,CALE.C3,59.34,euclidiana
73504,ORTEGA,TOLIMA,3.934916,-75.222601,SAT_033,SAN ANTONIO,CALE.C3,40.12,euclidiana
73520,PALOCABILDO,TOLIMA,5.120918,-75.022167,SAT_042,FALAN,CALE.C3,10.73,euclidiana
73547,PIEDRAS,TOLIMA,4.543951,-74.878106,NODO_28,GIRARDOT,CALE.n_2,38.02,euclidiana
73555,PLANADAS,TOLIMA,3.197911,-75.644163,SAT_061,RIOBLANCO,CALE.C3,51.69,euclidiana
73563,PRADO,TOLIMA,3.750939,-74.927447,SAT_030,VILLARRICA,CALE.C2,58.48,euclidiana
73585,PURIFICACIÓN,TOLIMA,3.857246,-74.935555,SAT_030,VILLARRICA,CALE.C2,53.53,euclidiana
73616,RIOBLANCO,TOLIMA,3.529932,-75.644069,SAT_061,RIOBLANCO,CALE.C3,0.0,nodo_propio
73622,RONCESVALLES,TOLIMA,4.011567,-75.605959,SAT_033,SAN ANTONIO,CALE.C3,24.74,euclidiana
73624,ROVIRA,TOLIMA,4.239019,-75.240648,NODO_05,IBAGUÃ,CALE.n_1,30.93,euclidiana
73671,SALDAÑA,TOLIMA,3.929815,-75.016852,SAT_030,VILLARRICA,CALE.C2,64.7,euclidiana
73675,SAN ANTONIO,TOLIMA,3.914146,-75.480074,SAT_033,SAN ANTONIO,CALE.C3,0.0,nodo_propio
73678,SAN LUIS,TOLIMA,4.133721,-75.095804,NODO_05,IBAGUÃ,CALE.n_1,48.92,euclidiana
73686,SANTA ISABEL,TOLIMA,4.713606,-75.097934,SAT_032,LÃRIDA,CALE.C4,37.11,euclidiana
73770,SUÁREZ,TOLIMA,4.048891,-74.831885,SAT_030,VILLARRICA,CALE.C2,39.97,euclidiana
73854,VALLE DE SAN JUAN,TOLIMA,4.197494,-75.115669,NODO_05,IBAGUÃ,CALE.n_1,38.53,euclidiana
73861,VENADILLO,TOLIMA,4.717878,-74.929333,SAT_032,LÃRIDA,CALE.C4,22.63,euclidiana
73870,VILLAHERMOSA,TOLIMA,5.030452,-75.117729,SAT_041,VILLAHERMOSA,CALE.C3,0.0,nodo_propio
73873,VILLARRICA,TOLIMA,3.936902,-74.600285,SAT_030,VILLARRICA,CALE.C2,0.0,nodo_propio
76001,SANTIAGO DE CALI,VALLE DEL CAUCA,3.413686,-76.52133,NODO_04,CALI,CALE.n_1,0.0,euclidiana
76020,ALCALÁ,VALLE DEL CAUCA,4.674994,-75.779792,NODO_12,PEREIRA,CALE.n_1,22.28,euclidiana
76036,ANDALUCÍA,VALLE DEL CAUCA,4.171713,-76.167925,NODO_35,TULUÃ,CALE.n_2,14.21,euclidiana
76041,ANSERMANUEVO,VALLE DEL CAUCA,4.794984,-75.992003,SAT_064,ARGELIA,CALE.C3,22.49,euclidiana
76054,ARGELIA,VALLE DEL CAUCA,4.726945,-76.119905,SAT_064,ARGELIA,CALE.C3,0.0,nodo_propio
76100,BOLÍVAR,VALLE DEL CAUCA,4.337846,-76.183583,SAT_105,EL DOVIO,CALE.C2,28.12,euclidiana
76109,BUENAVENTURA,VALLE DEL CAUCA,3.875708,-77.01074,NODO_20,BUENAVENTURA,CALE.n_1,0.0,nodo_propio
76111,GUADALAJARA DE BUGA,VALLE DEL CAUCA,3.900736,-76.298979,SAT_106,GINEBRA,CALE.C4,27.9,euclidiana
76113,BUGALAGRANDE,VALLE DEL CAUCA,4.208358,-76.15682,NODO_35,TULUÃ,CALE.n_2,20.17,euclidiana
76122,CAICEDONIA,VALLE DEL CAUCA,4.334808,-75.830594,SAT_063,BUENAVISTA,CALE.C3,14.66,euclidiana
76126,CALIMA,VALLE DEL CAUCA,3.933664,-76.484132,SAT_090,RESTREPO,CALE.C5,18.51,euclidiana
76130,CANDELARIA,VALLE DEL CAUCA,3.408354,-76.346519,NODO_04,CALI,CALE.n_1,27.18,euclidiana
76147,CARTAGO,VALLE DEL CAUCA,4.742192,-75.924374,SAT_064,ARGELIA,CALE.C3,30.43,euclidiana
76233,DAGUA,VALLE DEL CAUCA,3.657318,-76.68886,SAT_090,RESTREPO,CALE.C5,36.24,euclidiana
76243,EL ÁGUILA,VALLE DEL CAUCA,4.906062,-76.042779,SAT_064,ARGELIA,CALE.C3,30.34,euclidiana
76246,EL CAIRO,VALLE DEL CAUCA,4.760874,-76.221611,SAT_064,ARGELIA,CALE.C3,16.64,euclidiana
76248,EL CERRITO,VALLE DEL CAUCA,3.684229,-76.311972,SAT_106,GINEBRA,CALE.C4,9.23,euclidiana
76250,EL DOVIO,VALLE DEL CAUCA,4.510452,-76.237084,SAT_105,EL DOVIO,CALE.C2,0.0,nodo_propio
76275,FLORIDA,VALLE DEL CAUCA,3.324118,-76.234199,NODO_04,CALI,CALE.n_1,46.75,euclidiana
76306,GINEBRA,VALLE DEL CAUCA,3.724181,-76.268068,SAT_106,GINEBRA,CALE.C4,0.0,nodo_propio
76318,GUACARÍ,VALLE DEL CAUCA,3.761815,-76.330911,SAT_106,GINEBRA,CALE.C4,11.39,euclidiana
76364,JAMUNDÍ,VALLE DEL CAUCA,3.258751,-76.538472,NODO_24,JAMUNDÃ,CALE.n_2,0.0,euclidiana
76377,LA CUMBRE,VALLE DEL CAUCA,3.649268,-76.56805,SAT_090,RESTREPO,CALE.C5,27.67,euclidiana
76400,LA UNIÓN,VALLE DEL CAUCA,4.533869,-76.099661,SAT_105,EL DOVIO,CALE.C2,21.64,euclidiana
76403,LA VICTORIA,VALLE DEL CAUCA,4.523603,-76.036529,SAT_105,EL DOVIO,CALE.C2,31.19,euclidiana
76497,OBANDO,VALLE DEL CAUCA,4.575712,-75.974709,SAT_064,ARGELIA,CALE.C3,32.59,euclidiana
76520,PALMIRA,VALLE DEL CAUCA,3.531544,-76.298846,SAT_106,GINEBRA,CALE.C4,30.37,euclidiana
76563,PRADERA,VALLE DEL CAUCA,3.419793,-76.241799,NODO_04,CALI,CALE.n_1,43.45,euclidiana
76606,RESTREPO,VALLE DEL CAUCA,3.821351,-76.523329,SAT_090,RESTREPO,CALE.C5,0.0,nodo_propio
76616,RIOFRÍO,VALLE DEL CAUCA,4.156908,-76.288313,NODO_35,TULUÃ,CALE.n_2,17.94,euclidiana
76622,ROLDANILLO,VALLE DEL CAUCA,4.413601,-76.152277,SAT_105,EL DOVIO,CALE.C2,20.01,euclidiana
76670,SAN PEDRO,VALLE DEL CAUCA,3.995073,-76.228692,NODO_35,TULUÃ,CALE.n_2,14.86,euclidiana
76736,SEVILLA,VALLE DEL CAUCA,4.270714,-75.931629,SAT_063,BUENAVISTA,CALE.C3,32.9,euclidiana
76823,TORO,VALLE DEL CAUCA,4.608085,-76.076859,SAT_064,ARGELIA,CALE.C3,19.67,euclidiana
76828,TRUJILLO,VALLE DEL CAUCA,4.212037,-76.318818,NODO_35,TULUÃ,CALE.n_2,27.24,euclidiana
76834,TULUÁ,VALLE DEL CAUCA,4.085399,-76.197731,NODO_35,TULUÃ,CALE.n_2,0.0,euclidiana
76845,ULLOA,VALLE DEL CAUCA,4.703623,-75.737808,NODO_12,PEREIRA,CALE.n_1,16.03,euclidiana
76863,VERSALLES,VALLE DEL CAUCA,4.575019,-76.199203,SAT_105,EL DOVIO,CALE.C2,11.64,euclidiana
76869,VIJES,VALLE DEL CAUCA,3.698686,-76.441804,SAT_090,RESTREPO,CALE.C5,22.91,euclidiana
76890,YOTOCO,VALLE DEL CAUCA,3.861241,-76.382698,SAT_090,RESTREPO,CALE.C5,22.71,euclidiana
76892,YUMBO,VALLE DEL CAUCA,3.540097,-76.499893,NODO_04,CALI,CALE.n_1,19.96,euclidiana
76895,ZARZAL,VALLE DEL CAUCA,4.392658,-76.070795,SAT_105,EL DOVIO,CALE.C2,31.66,euclidiana
81001,ARAUCA,ARAUCA,7.072726,-70.747408,NODO_42,ARAUCA,CALE.n_3,0.0,nodo_propio
81065,ARAUQUITA,ARAUCA,7.02702,-71.426733,SAT_098,TAME,CALE.C5,102.68,euclidiana
81220,CRAVO NORTE,ARAUCA,6.303913,-70.204286,SAT_008,ARAUCA,CALE.C4,139.17,euclidiana
81300,FORTUL,ARAUCA,6.796695,-71.76877,SAT_098,TAME,CALE.C5,53.5,euclidiana
81591,PUERTO RONDÓN,ARAUCA,6.281461,-71.10339,SAT_008,ARAUCA,CALE.C4,0.0,euclidiana
81736,SARAVENA,ARAUCA,6.953926,-71.872812,SAT_096,CUBARÃ,CALE.C4,36.95,euclidiana
81794,TAME,ARAUCA,6.453324,-71.754427,SAT_098,TAME,CALE.C5,0.0,nodo_propio
85001,YOPAL,CASANARE,5.327102,-72.396132,NODO_16,YOPAL,CALE.n_1,0.0,nodo_propio
85010,AGUAZUL,CASANARE,5.172641,-72.546838,NODO_16,YOPAL,CALE.n_1,33.53,euclidiana
85015,CHÁMEZA,CASANARE,5.214527,-72.87016,SAT_111,PÃEZ,CALE.C3,33.68,euclidiana
85125,HATO COROZAL,CASANARE,6.154099,-71.764213,SAT_098,TAME,CALE.C5,46.61,euclidiana
85136,LA SALINA,CASANARE,6.127762,-72.334978,SAT_099,JERICÃ,CALE.C3,36.66,euclidiana
85139,MANÍ,CASANARE,4.81681,-72.281384,SAT_133,TAURAMENA,CALE.C3,78.72,euclidiana
85162,MONTERREY,CASANARE,4.877017,-72.894065,SAT_133,TAURAMENA,CALE.C3,31.8,euclidiana
85225,NUNCHÍA,CASANARE,5.636474,-72.195323,SAT_132,PORE,CALE.C2,34.43,euclidiana
85230,OROCUÉ,CASANARE,4.790258,-71.338533,SAT_134,NUNCHÃA,CALE.C4,0.0,euclidiana
85250,PAZ DE ARIPORO,CASANARE,5.879827,-71.890348,SAT_132,PORE,CALE.C2,28.51,euclidiana
85263,PORE,CASANARE,5.72773,-71.99286,SAT_132,PORE,CALE.C2,0.0,nodo_propio
85279,RECETOR,CASANARE,5.229181,-72.760991,SAT_133,TAURAMENA,CALE.C3,32.8,euclidiana
85300,SABANALARGA,CASANARE,4.854787,-73.038696,SAT_118,SAN LUIS DE GACENO,CALE.C3,20.8,euclidiana
85315,SÁCAMA,CASANARE,6.096738,-72.250157,SAT_099,JERICÃ,CALE.C3,50.26,euclidiana
85325,SAN LUIS DE PALENQUE,CASANARE,5.422397,-71.732198,SAT_132,PORE,CALE.C2,62.37,euclidiana
85400,TÁMARA,CASANARE,5.829543,-72.16165,SAT_132,PORE,CALE.C2,30.57,euclidiana
85410,TAURAMENA,CASANARE,5.018977,-72.74662,SAT_133,TAURAMENA,CALE.C3,0.0,nodo_propio
85430,TRINIDAD,CASANARE,5.412178,-71.662812,SAT_132,PORE,CALE.C2,70.91,euclidiana
85440,VILLANUEVA,CASANARE,4.61035,-72.927797,SAT_118,SAN LUIS DE GACENO,CALE.C3,49.52,euclidiana
86001,MOCOA,PUTUMAYO,1.151172,-76.654238,NODO_43,MOCOA,CALE.n_3,0.0,nodo_propio
86219,COLÓN,PUTUMAYO,1.190133,-76.972566,NODO_06,PASTO,CALE.n_1,47.79,euclidiana
86320,ORITO,PUTUMAYO,0.663593,-76.873276,SAT_055,PUERTO CAICEDO,CALE.C3,41.76,euclidiana
86568,PUERTO ASÍS,PUTUMAYO,0.505627,-76.496887,SAT_055,PUERTO CAICEDO,CALE.C3,33.06,euclidiana
86569,PUERTO CAICEDO,PUTUMAYO,0.687784,-76.606118,SAT_055,PUERTO CAICEDO,CALE.C3,0.0,nodo_propio
86571,PUERTO GUZMÁN,PUTUMAYO,0.962854,-76.407663,NODO_43,MOCOA,CALE.n_3,48.29,euclidiana
86573,PUERTO LEGUÍZAMO,PUTUMAYO,-0.192318,-74.781842,SAT_027,VALLE DEL GUAMUEZ,CALE.C5,0.0,euclidiana
86749,SIBUNDOY,PUTUMAYO,1.20026,-76.917814,NODO_43,MOCOA,CALE.n_3,41.73,euclidiana
86755,SAN FRANCISCO,PUTUMAYO,1.174194,-76.879283,NODO_43,MOCOA,CALE.n_3,35.21,euclidiana
86757,SAN MIGUEL,PUTUMAYO,0.34346,-76.91217,SAT_055,PUERTO CAICEDO,CALE.C3,71.71,euclidiana
86760,SANTIAGO,PUTUMAYO,1.147076,-77.002641,NODO_06,PASTO,CALE.n_1,44.17,euclidiana
86865,VALLE DEL GUAMUEZ,PUTUMAYO,0.423506,-76.906751,SAT_027,VALLE DEL GUAMUEZ,CALE.C5,0.0,nodo_propio
86885,VILLAGARZÓN,PUTUMAYO,1.028821,-76.61721,NODO_43,MOCOA,CALE.n_3,19.9,euclidiana
88001,SAN ANDRÉS,"ARCHIPIÉLAGO DE SAN ANDRÉS, PROVIDENCIA Y SANTA CATALINA",12.578108,-81.707181,SAT_023,SAN ANDRÃS,CALE.C5,0.0,euclidiana
88564,PROVIDENCIA,"ARCHIPIÉLAGO DE SAN ANDRÉS, PROVIDENCIA Y SANTA CATALINA",13.373185,-81.368386,SAT_021,PROVIDENCIA,CALE.C5,0.0,nodo_propio
91001,LETICIA,AMAZONAS,-4.19895,-69.941721,NODO_44,LETICIA,CALE.n_3,0.0,nodo_propio
91263,EL ENCANTO,AMAZONAS,-1.74806,-73.207114,SAT_037,PUERTO ARICA,CALE.C4,234.73,euclidiana
91405,LA CHORRERA,AMAZONAS,-1.442617,-72.791889,SAT_037,PUERTO ARICA,CALE.C4,195.44,euclidiana
91407,LA PEDRERA,AMAZONAS,-1.320301,-69.585499,SAT_053,TARAIRA,CALE.C5,117.84,euclidiana
91430,LA VICTORIA,AMAZONAS,0.054936,-71.223208,SAT_052,MIRITÃ - PARANÃ,CALE.C4,151.38,euclidiana
91460,MIRITÍ - PARANÁ,AMAZONAS,-0.888833,-70.98893,SAT_052,MIRITÃ - PARANÃ,CALE.C4,0.0,euclidiana
91530,PUERTO ALEGRÍA,AMAZONAS,-1.005674,-74.014461,SAT_027,VALLE DEL GUAMUEZ,CALE.C5,174.07,euclidiana
91536,PUERTO ARICA,AMAZONAS,-2.147039,-71.752186,SAT_037,PUERTO ARICA,CALE.C4,0.0,nodo_propio
91540,PUERTO NARIÑO,AMAZONAS,-3.779934,-70.364937,NODO_44,LETICIA,CALE.n_3,92.6,euclidiana
91669,PUERTO SANTANDER,AMAZONAS,-0.621184,-72.384213,SAT_052,MIRITÃ - PARANÃ,CALE.C4,221.15,euclidiana
91798,TARAPACÁ,AMAZONAS,-2.890126,-69.741745,NODO_44,LETICIA,CALE.n_3,206.1,euclidiana
94001,INÍRIDA,GUAINÍA,3.866764,-67.918613,NODO_49,INÃRIDA,CALE.n_3,0.0,euclidiana
94343,BARRANCOMINAS,GUAINÍA,3.494178,-69.814066,SAT_054,MORICHAL,CALE.C5,192.03,euclidiana
94883,SAN FELIPE,GUAINÍA,1.912495,-67.067848,SAT_031,CACAHUAL,CALE.C4,256.88,euclidiana
94884,PUERTO COLOMBIA,GUAINÍA,2.726438,-67.566774,SAT_031,CACAHUAL,CALE.C4,126.76,euclidiana
94885,LA GUADALUPE,GUAINÍA,1.632464,-66.963692,SAT_031,CACAHUAL,CALE.C4,302.98,euclidiana
94886,CACAHUAL,GUAINÍA,3.52617,-67.413312,SAT_031,CACAHUAL,CALE.C4,0.0,nodo_propio
94887,PANA PANA,GUAINÍA,1.865668,-69.0099,SAT_054,MORICHAL,CALE.C5,154.56,euclidiana
94888,MORICHAL,GUAINÍA,2.265132,-69.919404,SAT_054,MORICHAL,CALE.C5,0.0,euclidiana
95001,SAN JOSÉ DEL GUAVIARE,GUAVIARE,2.565932,-72.639254,NODO_46,SAN JOSÃ DEL GUAVIARE,CALE.n_3,0.0,euclidiana
95015,CALAMAR,GUAVIARE,1.960982,-72.655197,SAT_104,CALAMAR,CALE.C4,0.0,nodo_propio
95025,EL RETORNO,GUAVIARE,2.330164,-72.627304,NODO_46,SAN JOSÃ DEL GUAVIARE,CALE.n_3,36.75,euclidiana
95200,MIRAFLORES,GUAVIARE,1.337539,-71.950416,SAT_104,CALAMAR,CALE.C4,146.45,euclidiana
97001,MITÚ,VAUPÉS,1.253151,-70.232641,NODO_53,MITÃ,CALE.n_3,0.0,euclidiana
97161,CARURÚ,VAUPÉS,1.016116,-71.30221,NODO_53,MITÃ,CALE.n_3,170.51,euclidiana
97511,PACOA,VAUPÉS,0.020698,-71.004339,SAT_052,MIRITÃ - PARANÃ,CALE.C4,141.61,euclidiana
97666,TARAIRA,VAUPÉS,-0.564984,-69.635497,SAT_053,TARAIRA,CALE.C5,0.0,euclidiana
97777,PAPUNAHUA,VAUPÉS,1.908124,-70.76091,NODO_53,MITÃ,CALE.n_3,130.97,euclidiana
97889,YAVARATÉ,VAUPÉS,0.609142,-69.203337,NODO_53,MITÃ,CALE.n_3,189.0,euclidiana
99001,PUERTO CARREÑO,VICHADA,6.186636,-67.487095,NODO_47,PUERTO CARREÃO,CALE.n_3,0.0,euclidiana
99524,LA PRIMAVERA,VICHADA,5.486309,-70.410515,SAT_008,ARAUCA,CALE.C4,163.81,euclidiana
99624,SANTA ROSALÍA,VICHADA,5.136393,-70.859499,SAT_134,NUNCHÃA,CALE.C4,91.78,euclidiana
99773,CUMARIBO,VICHADA,4.446352,-69.795533,SAT_134,NUNCHÃA,CALE.C4,245.34,euclidiana
